Anse des Cayes
Anse des Flamands, Quartier des Flamands
Anse des Lézards
Anse à Corossol, Baie Curasol
Baie de Saint-Jean, Baie Saint Jean
Baie des Flamands
Camaruche
Carénage
Colombier, Quartier de Colombier
Corossol, Quartier du Corossol
Devet
Grand Cul-de-Sac
Grand Fond, Quartier du Grand Fond
Groupers
L'Âne Rouge
La Chaloupe
La Grande Saline, La Saline, Quartier de la Grande Saline
La Petite Islette
La Petite Saline
La Pointe
La Tortue, Île Tortue, Îlet Tortue, Îlot Tortue
Le Carénage
Le Gouverneur, Quartier du Gouverneur
Les Gros Îlets, Gros Îlets, Les Gros Islets, Les Islettes, Îlots Syndare
Les Petits Saints, Les Saintes
Lurin
Mancel, La Poule et les Poussins
Marigot, Quartier du Marigot
Merlette
Mont Jean
Pain de Sucre, Le Pain de Sucre, Sugarloaf
Petit Cul-de-Sac
Pointe Milou
Public, Quartier de Public
Quartier de Lorient, Lorient, Quartier Lorient
Quartier du Roi
Roche Plate, Roche Table, Rocher Table, Table, Table à Diable
Saint Barthelemy, Collectivité territoriale de Saint-Barthélemy, Ouanalao, St-Barth, St. Barts, Territorial collectivity of Saint-Barthélemy
Saint-Jean, Quartier Saint-Jean
Terre Neuve
Toiny, Quartier de Toiny, Toigny
Vitet
Île Chevreau, Goat Island, Île Bonhomme, Îlot du Chevreau
Île Coco
Île Fourchue, Fourche, Île Fourche, Île Fourchure, Île de la Fourche
Île Frégate, Île Frégatte, Îlet Frégate, Îlot de la Frégate
Île Pelé, Îlet Naviro, Îlot Navire
Île Saint-Barthélemy, Saint Bartholomew, Saint Bartholomew Island, Saint Barts
Île Toc Vers, Toc Verte, Îlot Toc Vers
Île de la Pointe, Île Petit Jean
Île le Boulanger, Le Boulanger, Îlot Boulanger
Îlet au Vent
