Abagaï
Abagon Tabiki
Abatis Cottica, Abattis Kotika, Rapides Abattis Cottica, Saut Abati-Cottica
Abchée
Abigin Tabbetje, Buigui Tabiki
Abiguine Soula
Abompé
Abonasoengoe Val, Abouna Sounga Soula, Saut Abounasonga, Saut Abounasounga, Val Aboenasoengoe
Abouna Sounga
Abounami Rivière, Abounami, Abounamy Rivière
Abriba
Acarouany, Acaronani, Acarouani, Akarouany Rivière, Crique Acarouani, Grand Acarounany, L'Acarouani, L'Acarouany Rivière, Rivière Acarouani, Rivière Acarouany
Adala
Adieu-Vat, Placer A Dieu Vat, Placer Dieu Va
Adnet, Village Adnet
Adotian
Agami
Agodé, Boniville
Agokini Soula
Agoussou Tabiki, Agousou Tabiki
Akala Soula, Saut Akala
Akati
Akilengui
Akodo
Akouba Booko Go Soula, Akouba Booko goo Saula, Akouba Bookogoo Soula, Saut Acouba Bocoga
Akouménaï, Akoumenaye, Akouménay
Akouti
Alamanyapa Itou, Saut Alamangapa
Alikoto, Alicoto, Indiens Oyampis, Oyampis
Alikéné
Almaric
Aloïké, Alowike, Village Roucouyenne
Amamouitpe Icholi
Amapa I
Amapa II
Amaryllis
Amponosoengoe Val, Amponoesoengoe, Amponoesoengoe Val, Amponou Soungou Soula
Ampouman Soula, Ampouma Soula, Ampouman Saut, Apoemavallen, Apoma Soela, Saut Ampouma, Sauts Ampouman
Amékan Kampou
Amékan Tabiki
Ana Kondé
Ancien Chantier Singes Rouges
Ancien Dégrad Combat
Ancien Papaïchton
Angoulême, Nouvelle Angouleme
Angélique
Ankel
Anse Canceler
Anse Méret
Anse Nadau
Anse de Bourda
Anse de Châton
Anse de Montabo
Anse de Montjoly
Anse de Rémire
Anse de l'Hôpital
Anton
Antécume Pata
Apatou
Apsik Icholi
Aquavilla, Aquavilla-Cogneau
Arataï, Arataye, Arotaye
Arboretum de l'Égyptienne
Armina Vallen, Armina Stroomsnelling, Armina-val, Saut Hermina, Saut Hermine
Arrondissement de Cayenne
Arrondissement de Saint-Laurent-du-Maroni
Assakopo Soula, Assacopo Soula
Assenté
Assoidé Soula, Saut Assoidé, Soula Asoïdé
Assouna
Aubanèle
Auberge de l'Approuague
Auberge des Orpailleurs
Aubry
Augusta Moutama
Austerlitz
Avenir
Awala-Yalimapo, Aouara
Awali Soula, Saut Awali
Awara
Awara Soula, Awara Soela, Saut Aouara Soula
Ayamidé
Ayawande
Aéroplane Kondé, Aéroplane Condé
Babel
Bada Tabiki, Boda Tabiki
Baduel
Bagdad
Bagot
Baie des Cocotiers
Balalou
Balata
Balata-Est
Balata-Ouest, Cité Balata
Balaté
Balisié
Bamboula
Banane, Banana
Bananes
Banc Cospatrick, Banc Cospastrick, Banc Gospatrick, Cospatrick Shoal, Le Batture Cospatrick, Les Batture Cospatrick
Banc Français, Banc Française, French Banks
Banc Félix
Banc de l'Alouette
Banc du Macouria
Banlieue-Sud de Cayenne
Bardo
Barkarel
Barrage de Petit Saut
Barthélémy
Bas Espoir
Bas-Fond Maripa
Basse Terre
Bassin Akoupa
Bassin Arouman
Bassin Jonquemont
Bassin Mine d'Or
Bassin Pakoucine
Bastien, Mayo
Batardeau
Baticane
Battures de Malmanoury, Battures de Malmanouri, Malmanouri Rocks, Malmanuri Flats, Roches Malmanouri
Battures du Connétable, Les Battures
Baugé, Village Baugé, Village Beaugé
Baïno
Beau Rivage
Beau Soleil
Beauregard
Beauséjour
Belle Humeur
Belle Terre
Bellevue
Bellony
Bernard
Bernardin
Bernetel
Besse
Beïman, Baïman
Bicade, Dégrad Bicade
Bienvenue
Bigui Béligui
Biguiston
Bistouri
Bistouri Ben Amar
Bistouri Hirondelle
Bistouri Kounana, Bistouri Counana
Bistouri Maman Piraye
Bita
Blicade, Village Blicade
Boesiondro Soela, Boesi ondro soela, Bouchi-Ondo Soula, Tion-Tion Soula
Boeuf Bois
Boeuf Mort
Boili Mofou Soula
Bois Changement
Bois Couronné
Bois Darou
Bois Debout
Bois Diable
Bois Macaque, Lieu-dit Bois Macaque
Bois Martin
Bois Rouge
Bois Tombé
Bois de Terre Blanche, Bois de la Terre Blanche
Bolo, Balo
Bonidoro
Bonidoro Soula, Bonidoro Vallen, Bonidoroval, Bonnidoro Soela, Bonnidoro Val, Saut Bonidoro
Bonidoro Tabbetje, Couch'Tabiki
Bonne Entente
Bossoé, Bossou
Boudet
Boulanger
Boulevard des Dames
Bouma Soula
Bourda
Boussoussa
Branche Nord, Branche Nord Grand Bagot, Rivière Bagot
Bricade
Brigandin
Buja-le-Haut
Buzaret
Bélizon, Dégrad Bélizon
Cabalou
Cabassou
Cacao, Dégrad Cacao
Cachoeira Camoura, Saut Moura
Cachoeira Justin, Saut Couachimtambe, Saut Kwachintambé
Café
Calimbe
Calou
Calumet
Cambouze
Cambrousse, Cambrouse
Cambrouze
Cambrouze Douglas
Caminaré
Camopi
Camp Béatrice
Camp Caïman, Camp Caïmans
Camp Hervo
Camp Lorrain
Camp Léonce
Camp Maïpouri
Camp Rochambeau
Camp Voltaire
Camp de Rémire, Rémire-Camp
Camp du Tigre
Camélie
Canabouli Tabiki
Canal Beauregard, Canal Lacroix, Eau Badet
Canal Laussat
Canal Lavallière
Canal Leblond
Canal Leroy, Canal Le Roy
Canal Magnan
Canal Marie-Claire
Canal Nord-Sud
Canal Panama
Canal Philippon
Canal Rémy
Canal Sedan
Canal Soleau
Canal Torcy, Canal Torey
Canal de Kaw
Canal de l'Ouest
Canal de l'Écluse
Canal de la Crique Fouillée, Colonial Canal de la Crique Fouillée
Canal des Amandiers
Canton d'Approuague-Kaw
Canton d'Iracoubo
Canton de Cayenne
Canton de Kourou
Canton de Macouria
Canton de Mana
Canton de Maripasoula
Canton de Matoury
Canton de Montsinéry-Tonnégrande
Canton de Roura
Canton de Rémire-Montjoly
Canton de Saint-Georges-Oyapok
Canton de Saint-Laurent-du-Maroni
Canton de Sinnamary
Cap Mocy, La Syrie
Capon
Carapa
Carbet Brûlé
Carbet Gaulettes
Carbet Hocco
Carbet Maïs, Dégrad Carbet Maïs
Carbet Mitan
Carbet Toukan
Carbet la Nuit
Carbet la Panne
Carbet les Maripas
Carbets
Cariacou
Carrefour de Mana
Carsevène
Cascades Voltaire
Caussade
Cayenne
Cent-Sous
Central Bief, Placer Bief
Certitude
Ceïde
Changement
Chantal, Placer Chantal
Chapelle Saramaka
Charenton
Chariot
Charvein, Camp Charvein
Chatenay
Chatonnet
Chemin Pascal
Chennebras
Chinalépann Eoukou, Chinatepane, Crique Chinatépane
Chire
Chou Ming, Honorable Tchung Ming, Ridel
Châtaigne
Châton
Cigogne
Citron
Cité Alexandre
Cité Ampigny
Cité Anatole
Cité Aurore
Cité Beauregard
Cité Bonhomme
Cité Brutus
Cité Castor, Cité des Castors
Cité Césaire
Cité Eau Lisette
Cité Grant
Cité Homat
Cité Jean-François
Cité Lafaurie
Cité Laurie, Cité Iaurie
Cité Maripa
Cité Massel
Cité Mirza
Cité Mont Lucas
Cité Mortins
Cité Nzilla, Cité N'Zila
Cité Pascaline
Cité Pasteur
Cité Quintius, Cité Quintus
Cité Rebard
Cité Thémire
Cité Zunève
Cité Zéphyr, Zéphir, Zéphyr
Cité de la Coulée d'Or
Cité des Deux Cent Cinq
Cité des Manguiers, Manguiers
Cité des Palétuviers
Cité du Stade
Clémencin
Clément
Cochon Brûlé
Coco
Cogneau
Cogneau-la Mirande
Collery
Combi
Combo
Concaribo
Concorde
Coopérative Agricole de la Carapa
Copaya
Coralie
Corossony
Coswine, Camp de Coswine
Cotonnière-Est
Cotonnière-Ouest
Couachi, Kouachi
Couachinana, Kouachinana
Couli Couli Icholi
Coulor
Counamama, Conamama, Counamama Fleuve, Counamama River, Rivière Counamama
Couy
Crac
Crique 1900, Crique Mille Neuf Cent
Crique Absinthe
Crique Acajou
Crique Achman
Crique Adolphe
Crique Adonis
Crique Agami
Crique Akoupa
Crique Alain
Crique Alama, Rivière Alama
Crique Alaparoubo, Crique Ataparoubo, Crique Maparoubo
Crique Albi
Crique Alexandre Jacques
Crique Alexandrine
Crique Alexis
Crique Alice
Crique Alicia
Crique Alicorne
Crique Alikoto
Crique Alikéné
Crique Alina
Crique Alphonse
Crique Alphonsin, Crique Morol
Crique Amadis
Crique Amandine
Crique Amansou
Crique Amaryllaire
Crique Américain
Crique Andrews
Crique Andromaque
Crique Anguille
Crique Angèle
Crique Angélique
Crique Anis
Crique Annette
Crique Aoma
Crique Aoussa
Crique Apiipatouna, Apipa Crique, Crique Apipatouna
Crique Apollon
Crique Arataï, Arataye Rivière, Crique Araataye, Rivière Arataïe, Rivière Arotaye
Crique Armontabo, Branche Sud, Rivière Armontabo, Rivière Montabo
Crique Arouague
Crique Arouani, Branche Beïman, Branche Mana
Crique Arverne, Crique Averne
Crique Atoumba
Crique Austerlitz
Crique Awa
Crique Awara
Crique Awara Kouchiri, Crique Couchiri
Crique Aymara
Crique Aïcoupaye, Crique Aïkoupaï
Crique Aïmara
Crique Baboune
Crique Bac
Crique Bacove
Crique Bagatelle
Crique Bagot, Branche Sud, Crique Grand Bagot, Rivière Pagode
Crique Balalou
Crique Balata, Crique Balataïe
Crique Balaté, Branche Est, Branche Ouest, Crique Balatée
Crique Balenfois, Crique Balanfois, Rivière Arataïe
Crique Bali, Crique Balli
Crique Balourou, Crique Boulourou
Crique Bamba, Crique Banba
Crique Bambaux
Crique Banane
Crique Baraque, Crique La Raie
Crique Bardeau
Crique Bardot
Crique Barenton, Crique Barinton
Crique Bari
Crique Bas Espoir
Crique Bastien
Crique Batol
Crique Baugé
Crique Beau Rivage
Crique Bel-Air
Crique Belle Étoile
Crique Bellevue
Crique Benoist
Crique Benoît
Crique Bernard
Crique Bernardin
Crique Beïman, Beiman Creek
Crique Bibith
Crique Bicade
Crique Biche
Crique Bidon
Crique Bilove, Crique Belove
Crique Blanc, Rivière Blanc
Crique Blanche, Rivière Blanche
Crique Boache
Crique Bocal
Crique Bois
Crique Bois Bandé
Crique Bois Blanc, Crique Boisblone, Crique Sédi
Crique Bois Fer
Crique Bois Lait, Crique Bois Lettre
Crique Bois Pian
Crique Bon, Crique Crochin
Crique Bon Dieu
Crique Bon Espoir
Crique Bon Secours
Crique Bonne Nouvelle
Crique Bonnette
Crique Bonnot, Crique Bonot
Crique Bordage
Crique Borie
Crique Bostok
Crique Bouchard, Crique Koura
Crique Boulanger
Crique Boulet
Crique Bouteille, Crique Bouteil, Crique Bouteiller
Crique Boyer
Crique Brémont
Crique Bâche
Crique Bâton Piton, Crique Bâton Pilon
Crique Bérard, Crique Beira
Crique Bézigue
Crique Bœuf Bois
Crique Cabassou
Crique Cabrit
Crique Caca Poule
Crique Caca de l'Eau
Crique Cacao, Crique Cacoo, Crique Tacareau
Crique Cadet
Crique Café
Crique Cajou
Crique Calcouchi
Crique Calebasse
Crique Calisa
Crique Calvette
Crique Cambrouze, Crique Cambrouse
Crique Camisa
Crique Camoaïbo, Comoaïbo, Rivière Camoaïbo
Crique Camopi
Crique Campi, Crique Campi Sud, Crique Kampi
Crique Canard
Crique Canceler
Crique Canne
Crique Canori, Crique Canari, Crique Petit Canori
Crique Capiaïe
Crique Capon
Crique Carapa
Crique Carapana
Crique Carbet Brûlé
Crique Carbet Mitan
Crique Carbet Roche
Crique Cariacou
Crique Caroline
Crique Carora
Crique Casimir
Crique Cassagnac
Crique Cassé-Corps
Crique Caussade
Crique Cavalet
Crique Caïman, Crique Camiaïe
Crique Cebance
Crique Centrale
Crique Cession
Crique Cevil
Crique Chameau
Crique Changement
Crique Chantier François, Crique Chantier
Crique Chapeau
Crique Chardy
Crique Chariot
Crique Charvein
Crique Chatolle
Crique Chatonnet
Crique Chauve-Souris
Crique Chevreuil
Crique Chicot
Crique Chien Mort
Crique Chinalé, Crique Pinalé, Crique Sinalé
Crique Chinalépann
Crique Chique
Crique Chou-Ming
Crique Cigogne
Crique Cimetière
Crique Cinq Amis
Crique Cinq Kilomètres Cinq Cents
Crique Cipanama
Crique Citron
Crique Citronnelle
Crique Claire
Crique Clairville, Crique Claireville
Crique Claude
Crique Clément
Crique Cochon
Crique Coco, Crique Fontain
Crique Coeur de Chauffe
Crique Colombo
Crique Colonis
Crique Comptable
Crique Congo
Crique Conneau
Crique Continent
Crique Cordelle
Crique Cormoran
Crique Coswine, Coswine Creek, Coswine Lamentin Creek, Crique Coswin, Crique Lamentin
Crique Couac
Crique Couasse
Crique Couata
Crique Coucatari
Crique Couchipouri
Crique Couleuvre
Crique Coumouri
Crique Counami
Crique Courant
Crique Courbaril
Crique Courbery
Crique Couriège
Crique Couy, Crique Couyou Ouibo, Crique Ouïbo
Crique Crabes
Crique Crevasse
Crique Crime
Crique Cristal, Crique Fistal
Crique Créanton
Crique Cuillère d'Argent
Crique Cécile
Crique Céline
Crique Céïde
Crique Cœur Maroni
Crique Dachine, Crique Dachines
Crique Dagobert
Crique Damas
Crique Danclan
Crique Daniel
Crique Dardanelles, Crique Dardannelles
Crique Daudet
Crique Deudon
Crique Deux Bouchard
Crique Deux Branches
Crique Deux Drôles
Crique Deux Décembre
Crique Deux Flots
Crique Deux Fromagers
Crique Deux Guoules
Crique Deux Sœurs
Crique Deuxième Saut
Crique Diable
Crique Diamant
Crique Dibisson, Crique Bibisson
Crique Dieu Merci
Crique Dimanche, Branche Fourca
Crique Disthène
Crique Docmond
Crique Dominique
Crique Dorlin
Crique Dosmont
Crique Doukou Pâti, Crique Doudou Pâti, Crique Doukou Pali, Doukou Pali Creek
Crique Dragon
Crique Dumaine
Crique Dupuy
Crique Duval
Crique Débouchon
Crique Découverte
Crique Dégrad Neuf
Crique Déleng
Crique Désirade
Crique Déta
Crique Eau Blanche, Blanche Rivière
Crique Eau Claire, Crique Fau Claire, Fourca de l'Arouany
Crique Eau Fraîche
Crique Eau Gogo
Crique Eau Lisette
Crique Eau Mignon
Crique Eda
Crique Efcé, Crique Basile
Crique Ekiny, Crique Ekini, Crique Ekény
Crique Eldorado
Crique Elepoussing, Crique Euleupousing, Crique Eureupoucigne, Crique Eureupousing, Rivière Eureupoucigne
Crique Emmanuel
Crique Encouline
Crique Ernestine
Crique Espoir
Crique Espérance
Crique Farouche
Crique Favard
Crique Fayard
Crique Fer
Crique Filon
Crique Flamand
Crique Florian, Florian Creek
Crique Florida
Crique Flèche
Crique Fontaine
Crique Fontine, Crique Foncine
Crique Forte
Crique Fossé, Crique Par Force
Crique Fou
Crique Foucoul, Crique Foucault
Crique Fouillée
Crique Fourca
Crique Fourcadière
Crique Fourgassié
Crique Fourmi
Crique Franconie
Crique Fromager
Crique Frère
Crique Frères Anicet
Crique Félicité
Crique Félix
Crique Gaan Day, Crique Gaan Daaye
Crique Gabaret, Crique Cabaret, Rivière Gabaret
Crique Gabaretmont
Crique Gabriel
Crique Gabrielle, Crique Racamont
Crique Galfa
Crique Galibi
Crique Galloni
Crique Gallot
Crique Gargoulette
Crique Gayak, Crique Gaïac
Crique Gaïos, Crique Gaïac
Crique Gilette
Crique Giraud
Crique Girauman
Crique Glacis
Crique Goeland
Crique Gonzalès
Crique Gorigo, Crique Digricourou
Crique Goudronville, Crique Gourdonville
Crique Goupi
Crique Grand Agami
Crique Grand Ben Amar
Crique Grand Couacou, Crique Couacou
Crique Grand Foucoul, Crique Foucault
Crique Grand Galibi, Galibi, Rivière Galibi
Crique Grand Kaminaré, Crique Grand Kanimaré
Crique Grand Karapana, Crique Grand Carapana
Crique Grand Kompapi
Crique Grand Kwata
Crique Grand Laussat
Crique Grand Leblond
Crique Grand Lézard
Crique Grand Maliogo
Crique Grand Mamaribo, Crique Mamaribo
Crique Grand Marabout
Crique Grand Maripa
Crique Grand Maïpouri
Crique Grand Moussinga, Crique Mouchounga
Crique Grand Paramana
Crique Grand Sourou, Grand Sourou
Crique Grand Tamouri, Crique Tamouri, Rivière Tamouri
Crique Grand Vevoni
Crique Grand Village
Crique Grand Yaoni, Crique Yaoni
Crique Grande Absinthe
Crique Grande Terre
Crique Grande Usine
Crique Grande Waki, Grand Rivière Ouaqui, Grande Ouaqui Rivière, Rivière Ouaqui
Crique Grenouillet, Crique Guenouillet
Crique Griffolet
Crique Grillon
Crique Gros Montagne, Crique Montagne
Crique Gros Philippe
Crique Gros Roche
Crique Grosse Roche
Crique Grégoire
Crique Guadeloupe
Crique Guatemala
Crique Gueules
Crique Gueydon
Crique Guillaume
Crique Hamilton
Crique Haute Portal
Crique Hermina
Crique Hermès
Crique Hippolyte
Crique Hirondelle
Crique Honoré
Crique Hove
Crique Hélène
Crique Hôpital
Crique Idaric
Crique Indien
Crique Infirmes
Crique Inipi, Inipi, Rivière Inipi
Crique Inéri, Crique Inéry, Rivière Inéry
Crique Iper
Crique Ipoucin, Crique Ipovein, Crique Ippoussing, Ipoussin
Crique Irakompapi, Crique Iracompapi, Crique Iracompapy, Crique Iracoumpapy, Crique Iracumpapi, Crique Iracumpapy
Crique Irini, Crique Inini
Crique Irène
Crique Ivona
Crique Jacobin
Crique Jacques
Crique Jacquet, Crique Jaquet
Crique Jacquot
Crique Jadfar
Crique Jalbot
Crique James
Crique Janson
Crique Janvier
Crique Japigny
Crique Jean
Crique Jean-Pierre
Crique Jolie Terre
Crique Joseph
Crique Joséphine
Crique Joyeuse
Crique Julien
Crique Juliette
Crique Jupiter
Crique Kalawéli, Crique Calaouéli, Crique Calonari, Crique Calouéli
Crique Kanguélarou, Crique Kangélarou
Crique Kapiri, Crique Capiri
Crique Karouabo, Crique Carouabo
Crique Kauwet
Crique Kermaçon
Crique Kilomètre
Crique Kimbé Cœur
Crique Konce
Crique Koromombo
Crique Korossibo, Crique Corocibo, Crique Courcibo
Crique Koumaka
Crique Koumakouma
Crique Koumarou, Crique Coumarou, Crique Coumaré, Crique Grand Coumaron, Crique Grand Coumarou
Crique Koumarouman
Crique Kounamari, Counamary, Crique Counamari
Crique Koutou, Rivière Ikoutou
Crique Kwata
Crique Kwata Kampou
Crique Labombe
Crique Lac Machoiran
Crique Lafontaine
Crique Laguerre
Crique Lalanne
Crique Laloupe
Crique Lamblin, Crique Lomblin, Crique Remblin
Crique Lamiraille
Crique Landau, Crique Landeau, Crique Landreau
Crique Landel
Crique Lanoix
Crique Lanou
Crique Latawa
Crique Latidine
Crique Latouche
Crique Laussat
Crique Laville
Crique Leblond, Rivière Leblond
Crique Limonade
Crique Limorin
Crique Lindor
Crique Loubère, Crique Loubière
Crique Louis
Crique Louise
Crique Loulette
Crique Loupé, Crique Lupé
Crique Loutre
Crique Lundi
Crique Léon
Crique Lézard, Lezard Creek, Léxard, Rivière Lezard
Crique Mac Mahon
Crique Machikou, Crique Machicou
Crique Macouria, Macouria River, Rivière Macouria
Crique Macrabo
Crique Madeleine
Crique Madelon, Creque Toulmé
Crique Maillard
Crique Makopi, Crique Macopi
Crique Makoupi, Crique Macoupi
Crique Makwali, Crique Makouli
Crique Mal Ventre
Crique Malani-Est, Marwini Est
Crique Malani-Ouest, Marwini Ouest
Crique Malgaches, Crique Malgache
Crique Mali
Crique Malise, Crique Malice
Crique Malmanoury
Crique Malvin
Crique Maman Lézard
Crique Maman Singe Rouge
Crique Maman Tortue
Crique Maman Valentin
Crique Mambi, Crique Manbi
Crique Manaré
Crique Mandel
Crique Mangue, Mourgue
Crique Mantouni
Crique Maraille, Crique Moraille
Crique Marakoutoukoutou, Crique Lambert, Crique Maracoutoucoutou
Crique Marbo
Crique Margot, Branche Est, Branche Ouest, Crique Maïpour, Crique Maïpourie, Crique Sainte Marguerite
Crique Marguerite, Crique Tres Marguerites
Crique Marianne
Crique Marie
Crique Marie Coolie
Crique Maripa
Crique Marise
Crique Maroc
Crique Maroni, Forte Crique
Crique Marquis
Crique Martin
Crique Martineau
Crique Martinet
Crique Martino
Crique Maryvonne
Crique Maréchal, Crique Marécal, Crique Mavecal
Crique Matapiaré
Crique Mathias
Crique Mathieu, Riviére Yaya
Crique Mathurin
Crique Matiti
Crique Maul, Crique Mol, Crique Moll
Crique Maurice
Crique Mawéyo
Crique Maxime
Crique Mayota
Crique Mazin
Crique Mazy
Crique Maïna
Crique Maïpouri, Crique Maipour
Crique Mekoulakeu
Crique Mell
Crique Mercure
Crique Merignan
Crique Mi-Temps
Crique Michel
Crique Mickey
Crique Minette
Crique Minnie
Crique Mirande
Crique Mirat
Crique Miroux
Crique Missette
Crique Misère
Crique Mitan
Crique Miti Konkoné, Crique Miticonconnet
Crique Modeste
Crique Mogestern, Crique Mogertern
Crique Moine
Crique Molère
Crique Mombin
Crique Mondou
Crique Mongorin
Crique Monique
Crique Mont Valérien
Crique Montagne Lagrue
Crique Montagne Penchée
Crique Montagne de Fer
Crique Montevideo
Crique Morpio, Crique Morpo
Crique Mosse
Crique Moucaya
Crique Mouche
Crique Mouches sans Raison, Crique Mouches à Raison
Crique Moufflet
Crique Moukouroub, Crique Moukouroubo
Crique Moulou-Moulou Chinale, Crique Mourou Mourou Sinaleu, Crique Mourouourou Sinlou
Crique Mousse, Crique Moussa
Crique Moyoukoupéa, Crique Moyoucoupéa
Crique Mémora
Crique Ménado
Crique Ménard
Crique Mérès
Crique Nancibo
Crique Nathaniel
Crique Nationale
Crique Naï
Crique Nelson
Crique Neptune, Neptune
Crique Ngoulou
Crique Noire
Crique Noussiri, Ara Coucou, Crique Nouciri
Crique Nouveau Camp
Crique Nouvelle France
Crique Noël
Crique Nuage
Crique Nézèsse
Crique Onze Kilomètres
Crique Onémark
Crique Orfion
Crique Oroye
Crique Ouara
Crique Ourikourou, Crique des Maraonnes
Crique Ouroukourou, Crique Ouroucoureu, Crique Ouroukoureu
Crique Outawa
Crique Pachabo
Crique Pactole
Crique Pagaie
Crique Pagamont
Crique Pain de Sucre, Rivière Pain de Sucre
Crique Pakira
Crique Palissade, Crique Palissadre
Crique Palofini
Crique Panel
Crique Panelle
Crique Papillon
Crique Papinabo
Crique Parakou, Crique Paracou, Paracou
Crique Parasol
Crique Parforce
Crique Paris
Crique Parsoumouton
Crique Parépou, Crique Parépo
Crique Pas Trop Tôt
Crique Passany
Crique Passionis
Crique Passoura, Rivière de Passoura
Crique Patagaï, Crique Patagoïe
Crique Patagaïe
Crique Patate
Crique Patawa
Crique Patawari
Crique Patawati, Crique Pataouali
Crique Paul
Crique Paul-Émile
Crique Pauline, Crique Paaline, Crique Paoline
Crique Pavé
Crique Païra
Crique Pente Vingt
Crique Penty
Crique Perdrix
Crique Perdu Temps
Crique Petit
Crique Petit Agami
Crique Petit Approuague, Approuague, Crique Approuague
Crique Petit Bagot
Crique Petit Ben Amar
Crique Petit Boulanger, Crique Bois Rouge
Crique Petit Chien Mort
Crique Petit Couacou, Crique Petit Conacou
Crique Petit Foucoul, Crique Foucault
Crique Petit Galibi, Petite Galibi
Crique Petit Japigny
Crique Petit Kaminaré
Crique Petit Karapana
Crique Petit Koromombo
Crique Petit Laussat
Crique Petit Leblond
Crique Petit Lézard
Crique Petit Mamaribo, Petit Mamaribo
Crique Petit Mapéribo
Crique Petit Marabout
Crique Petit Marie-Hilaire, Crique Petit Amaryllaire
Crique Petit Maripa
Crique Petit Maïpouri, Crique Petit Maïi
Crique Petit Moussinga
Crique Petit Ouanary
Crique Petit Paramana
Crique Petit Pas Trop Tôt
Crique Petit Pays
Crique Petit Placer
Crique Petit Saut
Crique Petit Sourou, Petit Sourou
Crique Petit Sparouine
Crique Petit Tamouri
Crique Petit Tango
Crique Petit Valentin
Crique Petit Vevoni
Crique Petit Yaoni
Crique Petite Absinthe
Crique Petite Rivière
Crique Petite Waki, Crique Coureni, Crique Petite Ouaqui, Petite Ouaqui Rivière
Crique Philippon
Crique Pian Bois
Crique Pierre
Crique Pierre Blanche
Crique Pino'o, Crique Pinoho, Rivière Pinoctourou
Crique Pinot
Crique Pinots
Crique Plomb
Crique Pois Sucré
Crique Poisson
Crique Polydor
Crique Pont
Crique Ponta
Crique Popote
Crique Populo
Crique Porotaï, Crique Porotaye
Crique Portal, Rivière Porial, Rivière Portal
Crique Portugaise
Crique Posson
Crique Pouget
Crique Pradine, Crique Paradine, Paradines Creek
Crique Privat
Crique Probert
Crique Pénitencier
Crique Pénitent
Crique Quatre Kilomètres
Crique Quimbé Kio, Crique Quimbé Cœur
Crique Rachel
Crique Raoul
Crique Rapari
Crique Ratamina
Crique Rebord
Crique Reine
Crique Rencontre
Crique Renner
Crique Requin
Crique Richard, Crique Sept Kilomètres Cinq Cents, Crique Soixante-Quinze Cent
Crique Rionville
Crique Rochambeau
Crique Roche
Crique Roche Couronnée, Crique Roche Couronne
Crique Roche Fendé, Crique Roche Fendée
Crique Roches Blanches
Crique Rococoua, Crique Rocoucoua
Crique Rocques
Crique Romieu
Crique Rosa
Crique Rosalie, Forte Crique
Crique Rosette
Crique Rouge
Crique Rubis
Crique Régis
Crique République
Crique Saaiman
Crique Sabakou, Crique Sabacou
Crique Sabbat
Crique Sable
Crique Sabre
Crique Sacaranque, Crique Saracan
Crique Saint-Auguste
Crique Saint-Eugène
Crique Saint-Georges
Crique Saint-Germain
Crique Saint-Jean
Crique Saint-Joseph
Crique Saint-Laurent
Crique Saint-Léon
Crique Saint-Martin
Crique Saint-Michel
Crique Saint-Pierre
Crique Saint-Prix, Crique Saint-Price
Crique Saint-Roch
Crique Saint-Régis
Crique Saint-Rémy
Crique Saint-Élie
Crique Saint-Éloi
Crique Sainte-Anne, Petit Acarouany
Crique Sainte-Annie, Crique Trois Amis
Crique Sainte-Marie
Crique Sakoura, Crique Sacoura, Crique Sacourou
Crique Salva
Crique Samakou, Crique Samacou
Crique Samuel
Crique Sapokaï, Crique Sapokaye
Crique Saranou
Crique Sardine
Crique Saulnier
Crique Saut
Crique Saut Bois
Crique Saut Mathias
Crique Saut Portal
Crique Saut Tampak
Crique Sautero
Crique Sautplat
Crique Savane
Crique Savanes Blanches
Crique Savon
Crique Savouret
Crique Sawawé, Crique Saouaoué
Crique Saï
Crique Saïna, Crique Chaïna
Crique Saül
Crique Schmitt
Crique Sedan
Crique Seize Kilomètres
Crique Sept Kilos
Crique Serpent
Crique Servilise
Crique Sikini, Crique Sekni
Crique Simon
Crique Simplon
Crique Singes Rouges, Crique Patawai
Crique Sinnamary
Crique Sirance
Crique Sirène, Sipene
Crique Sissila, Crique Sissilia
Crique Sivirine, Crique Civiril
Crique Socoumou
Crique Solitaire
Crique Sophie
Crique Soualani
Crique Soumourou
Crique Sourou
Crique Sparouine
Crique Stany
Crique Suivelaleu, Crique Souyé Iareu, Rivière Suiverari
Crique Sursaut
Crique Sébastopol
Crique Sébille
Crique Sélag
Crique Séraphin
Crique Tablon
Crique Tabouba
Crique Tafia
Crique Takouba, Crique Tacouba
Crique Tamanoir
Crique Tampak
Crique Tampok, Crique Tampoc
Crique Tanger, Crique Tranger
Crique Taparalale, Crique Tapalalarou, Crique Taparari
Crique Tapiaré
Crique Tapir
Crique Tapo Wawi
Crique Tapouko, Crique Tapouco
Crique Tatou
Crique Tawen, Crique Taouin
Crique Tecky
Crique Terre Blanche
Crique Thibault
Crique Tibourou, Tibouron
Crique Tigany
Crique Tigre, Crique Melchior
Crique Tino
Crique Tique
Crique Titane
Crique Titine
Crique Tobi, Crique Tabi
Crique Tobie
Crique Tomantoni
Crique Tompic, Crique Tampoe
Crique Tonate
Crique Tonkin
Crique Topaze
Crique Tortue
Crique Totonne
Crique Touatou
Crique Toucouchi, Crique Tonconchi
Crique Toulouse, Crique Thoulouse
Crique Tourlouri
Crique Toussaint
Crique Tracas
Crique Triton, Triton
Crique Trois Chevaux
Crique Trois Rois
Crique Troisième Saut
Crique Trompeuse
Crique Trou Ara
Crique Trou Biron, Crique Eau-Linge
Crique Trou Bâches
Crique Trou Canard
Crique Trou Caïmans
Crique Trou Cochon
Crique Trésor, Crique du Trésor
Crique Tumuc-Humac
Crique Vaches
Crique Valentin
Crique Vase
Crique Verdun
Crique Verlot
Crique Vermine
Crique Verte
Crique Victoire
Crique Victor
Crique Victorin
Crique Vieille
Crique Viguié
Crique Vilmer
Crique Vinsonneau
Crique Violette
Crique Virgile
Crique Vitalalo
Crique Voltaire
Crique Vécot
Crique Vénot
Crique Vénus
Crique Véoux, Crique Ricard
Crique Véro
Crique Wakapou
Crique Wanapi, Crique Ouanapi, Crique Ounapi, Crique Wéti-Wata, Mapi, Rivière Ouanapi, Rivière Wanapi, Weti Wata Eoukou
Crique Wapa
Crique Wapou, Crique Ouapou
Crique Wawi, Araoua, Crique Wawoui, Crique Wawuui, Tako
Crique Waï, Crique Ouaïe
Crique Yanioué
Crique Yaou
Crique Yaoupouane
Crique Yaya
Crique Yiyi
Crique Yolande
Crique Zambi, Crique Zombi
Crique Zombie
Crique aux Biches
Crique aux Bœufs Lamentins, Buffel kreek, Crique Beufs Lamentin, Crique Buffles, Crique Bœufs, Crique Bœufs Lamentin, Crique aux Buffles
Crique aux Indiens
Crique d'Artagnan
Crique de Cayenne
Crique de Coux, Crique Dicou
Crique de Montabo
Crique de Roura, Crique Roura
Crique de Trou Poissons
Crique de la Grande Pointe
Crique de la Mirande, Crique la Mirande
Crique des Acacias
Crique des Anglais
Crique des Cascades
Crique des Chevaux
Crique des Pères, Rivière des Pères
Crique des Trois Frères
Crique des Vampires
Crique du Galion, Crique Galion, Le Gallion Crique, Rivière Galion
Crique du Péril, Rivière du Peril
Crique l'Eau
Crique la Baie
Crique la Boue, Crique de la Boue
Crique la Chaudière
Crique la Dent
Crique la Douane
Crique la Désirée
Crique la Folie, Crique Brodel, Rivière Brodel
Crique la Grève, Crique de la Grève, Crique la Grève Sophie, Forte Crique
Crique la Mancellière
Crique la Tribouille
Crique la Villette
Crique À Propos, Fourea de l'Abounami
Crique Élionore, Crique Eléonore
Crique Élisabeth
Crique Élysée
Crique Émerillon, Crique Émerillons
Crique Étouane-Tchéna
Crique à l'Est
Cétobie
Côte de Kaw, Côte de Caux, Plaine de Kaw
D'Artagnan
Dacca
Dadanki, Danké
Dagobert
Dagou Edé
Dagou Edé Soula, Pikiendagohede Vallen, Pikiendagohidde Val, Saut Dagouédé, Saut Dogouède, Sauts Dagouédé
Dardanelles
Delanglade
Deux Branches
Deux Bâches
Deux Carbets
Deux Flots
Deux Fromagers
Deux Jours
Deuxième Saut
Devez
Devils Island, Diable Island, Teufels Insel, Île du Diable
Diamant
Diane
Dieu Merci
Digue Canal
Doglis, Docris
Doling
Domaine Boulanger
Domaine de Soula
Domaine de Stoupan
Domofoe Soela, Domofou Soula, Domoufou Soula
Domrémy
Dorlin
Dosmond
Dou Tabiki Soula, Saut Doutabiki
Doudou
Dubol, Lieu-dit Dubol
Dumaine
Décision
Découman
Découverte
Dégourdi
Dégrad Balata
Dégrad Blaise
Dégrad Brigette
Dégrad Canard
Dégrad Corrèze
Dégrad Fiévée, Dégrad Fiévé
Dégrad Florian
Dégrad Fofo
Dégrad Fromager
Dégrad Génipa
Dégrad Henri
Dégrad Jalbot
Dégrad Janson
Dégrad Jason
Dégrad Limarola, Dégrad Limaroula
Dégrad Limousin, Limousin
Dégrad Maman Piraye
Dégrad Mapaou
Dégrad Maripa
Dégrad Moufflet
Dégrad Ménado
Dégrad Nicole
Dégrad Pascal
Dégrad Perdu Temps
Dégrad Pierre
Dégrad Saint-Antoine
Dégrad Saint-Pierre
Dégrad Saramaka, Dégrad Saramaca
Dégrad Savane
Dégrad Tamanoir
Dégrad des Cannes, Le Dégrad des Cannes
Dégrad la Boue
Délices
Dépôt Lézard, Dépot Lezand, Dépôt Lézand Ruines
Eau Blanche
Eau Claire
Eau Coulie
Eddie
Edmond, Edmont
Ekiny, Ekény
Elassapa Itou, Saut Lasapa, Saut Oulassapa
Elaé
Eldo
Elissée
Embouchure
Emmanuel
Encre
Entoucas, Entouca
Enéné Patatpe
Eponoe Soela, Emponou Tabiki Soula
Eskol, Dégrad Eskhol
Espoir
Espérance
Eugène
Eutrope
Farnous
Fatima
Faubourg L'Abri
Fausse Montagne d'Argent
Faux Mont D'Argent
Fazendinha
Filon Doyle
Filon Madame
Fini Saut
Flore
Florida, Déchéance
Florissante
Flèche
Fond Jacquet
Formateurs du Grand Inini
Fortuné
Forêt Domaniale Aménagée d'Acarouany
Forêt Domaniale Aménagée d'Aïmara
Forêt Domaniale Aménagée d'Eau Blanche
Forêt Domaniale Aménagée d'Organabo
Forêt Domaniale Aménagée de Basse Mana
Forêt Domaniale Aménagée de Cormoran
Forêt Domaniale Aménagée de Counami
Forêt Domaniale Aménagée de Crique Naï
Forêt Domaniale Aménagée de Dardanelles
Forêt Domaniale Aménagée de Génipa
Forêt Domaniale Aménagée de Kaw
Forêt Domaniale Aménagée de Mamaribo
Forêt Domaniale Aménagée de Margot
Forêt Domaniale Aménagée de Montagne Bagot
Forêt Domaniale Aménagée de Nancibo Nord
Forêt Domaniale Aménagée de Nancibo Sud
Forêt Domaniale Aménagée de Patagaï
Forêt Domaniale Aménagée de Petit Laussat
Forêt Domaniale Aménagée de Portal
Forêt Domaniale Aménagée de Risquetout
Forêt Domaniale Aménagée de Régina Saint-Georges
Forêt Domaniale Aménagée de Sainte-Anne
Forêt Domaniale Aménagée de Saut Sabbat
Forêt Domaniale Aménagée de Tamanoir
Forêt Domaniale de Rivière des Cascades
Forêt Domaniale de Saint-Jean
Forêt Domaniale des Malgaches
Forêt des Sables Blancs
Foster
Foukatiami
Fourca
Fourca Tacouba
Fourca de l'Arouani
Fourgassié, Dégrad Fourgassié
Fécourt
Gaa Kaba, Gaa Caba, Village Gaa Caba
Gaa Kaba Soula, Dakabá Val, Gaa Caba Soula, Saut Ga-kaba, Saut Gacaba, Sauts Gaa Caba
Gaan Daaye Soula, Gaan Daay Soula
Gaan Koubi Soula, Grand Koubi Soula, Grand Saut Koubi, Grand Saut Koubi Soula
Gaan Tabiki, Boofo Tabiki, Tapir Eiland, Île Moussoué Santi, Île Tapir
Gadou Soula, Man Coti Gadou Soula, Saut Pokoti Gadou
Gaillot
Galloni, Village Galloni
Galmot
Gaston, Village Gaston
Germain Cétoute
Gervais
Gibelin
Gode
Godebert, Godedert
Godolo Tabiki, Godolo Tabriki
Gonsoetoe Val, Goni Sountou Soula, Goni Soutou Soula, Gonsoeloe Val, Saut Gonsoutou, Saut Goun Soutou
Gorigo
Gossi Dokissi Soula
Goudronville, Ancien Chantier Gourdonville, Ancien Chantier Gourdronville
Goupi
Goélette, Goellette
Gran Soela
Grand Bala
Grand Bassin
Grand Bassin Palica
Grand Carbet
Grand Coromonbo
Grand Croissant
Grand Lac
Grand Marquis
Grand Pont
Grand Pripris
Grand Pripris de Yiyi, Pripris de Yiyi
Grand Saut Céïde
Grand Siton, Grand Citron
Grand Soula, Gran Soula
Grand Thérésia
Grand Village
Grand-Santi
Grande Branche, Mapéribo Grande Branche
Grande Crique
Grande Crique Roche
Grande Crique Sivirine, Crique Civiril
Grande Savane
Grande Usine, Grand Usine
Grandes Savanes de Kourou, Savanes de Kourou
Grands Îlets
Gransanti Val, Grand Santi Soula, Saut Grand Santi
Gravier
Grenouillet, Guenouillet
Grigel, Village Grigel
Gros Bec
Gros Montagne
Gros Roche
Gros Saut
Gros Saut Latidine, Grand Saut Latidine
Gros Îlet
Grosse Roche
Guadeloupe
Guatemala
Guillaume, Village Guillaume
Guimanmin
Gusomani
Guyane, Département de la Guyane, French Guiana, Guyane Française, La Guyane, La Guyane Française, Région Guyane
Gwana Soula
Habitation Rozé
Hapopata Icholi, Icholi Hapopata
Hauts de Montsinéry-Tonnégrande
Hmong Village, Vilage Hmong
Ianoltz
Icholi Pakira Éméni, Pakiraïme Enu Icholi
Ilakana Patatpe
Ilets Camopi Ata, Îlets Camopi Ato
Impératrice, Dégrad Impératrice, Village Impératrice
Ippoussing
Iracoubo, Fleuve Iracoubo, Iraconbo River, Irucoubo, L'Iracoubo Fleuve, Rivière Iracouba, Rivière Iracoubo
Irène
Ismaël Daniel
Isnard et Priane
Itou Miti
Itousanseng, Villages Oyampi
Iuéry
Ivona
Jacaranda
Jakotoeka Soela, Diakoutokou Icholi, Saut Yaktocou, Yakouto Oukou
Janvier
Jasmin
Javouhey
Jean-Jean Rémission, Degrad Jean-Jean, Jean, Jean Jean
Jean-Louis
Jean-Marie
John Sirot
Johny Wait
Jojo, Jejo
Joli Saut
Junique
Jé Vrédé
Kachiaba Soula
Kader
Kamadé
Kanaa
Kanomiapann Eoukou, Crique Kono Miapan, Crique Kono Miapane, Malipapann Eoukou
Kantali
Karapa Tabiki
Kariakou, Kanakou
Karouabo
Kassiaba Soula, Gransoela
Kaw, Caux
Kawana
Kepioudou
Kepioudou Soula
Ketre Val, Kette Val, Krété Soula, Saut Ketrésoula, Saut Kétré, Saut Kété, Sauts Krété
Kialiondo
Kiiki Mofou Soula
Kikiwis
Kodio
Koelékoelé Kreek, Korekoré Kreek, Koulé Koulé, Rivière Coulé Coulé
Koffieramisa Vallen, Koffi Camisa Soula, Koffiekamisa-Vallen, Koffiekamisasoela, Kofi Kamiza Soula, Saut Coficamsa, Saut Koffi Camisa, Sauts Kofi Kamiza, Soula Kofi Kamiza, Val Koffijkamisa
Kofi Kamiza
Kokioko, Cokioco
Kokoï, Cocoye, Kokoye
Kola Assakio, Paramaka
Konotopata Icholi, Conotopata Icholi, Konopopata Icholi, Konopopata Soela
Koo Soula, Coo Soula
Kormontibo, Cormontibo, Cormotibo, Kormotibo
Koroeboeba Soela, Koo Bouba Soula, Koroeboeba-val, Val Koloboeba
Kotioko
Koualis
Kouiakou
Koulimapopann, Koulimapopan, Koulimapopane, Point de Trijonction
Koulou Abadé
Kouloumouli Itou, Kouroumouri Itou, Saut Kouroumouri Itou
Kouloumoulipann Eoukou, Crique Polomoli Ekou, Crique Polomoli Écou, Kouloumouli Eoukou
Koumakou Soula
Kouman-Kouman, Couman-Couman
Kourou, Fleuve Kourou, Kourou River, Kuru River, Le Kourou Fleuve, Rivière Kourou
Koutou
Koutouwao, Ancien Dégrad Jougla, Point de Trijonction
Koyona
Krobai Soela, Kiboï Soula, Krobaï Soula, Kroboï Soela, Saut Krobaï Loura, Val Kroboi Soera
Kwassié
Kérenroch, Kerrenroch
L'Amphithéâtre
L'Anse
L'Approuague Fleuve, Aparouague River, Approuague River, Fleuve Approuague, River Approugue, Rivière Approuague, Rivière Appruague, Rivière Apriuague, Rivière Aprouague, Rivière Apruiague
L'Enfant Perdu, Enfants perdus, Ile de l'Enfant Perdu, L'Elfant Perdu
L'Observatoire
L'Écluse
L'Égyptienne
L'Élysée
La Bastide
La Batterie
La Beaume
La Bonne Amédée, Bonne Amédée
La Bordelaise
La Bouverie
La Brande
La Charbonnière
La Chaumière
La Cloche
La Colline Verte
La Conie
La Counamama Rivière, Branche Iracoubo, Branche Sinamary, Branche Sinnamary, Counamama Branche Est, Counamama Branche Ouest, Rivière Counamama, Rivière Counamama Branche Iracoubo, Rivière Counamama Branche Sinnamary
La Césarée
La Dame Blanche
La Douane
La Désirée
La Fontaine
La Forestière, Foreshëre, Forestière
La Franchise
La Félicité
La Grenouillère
La Grève, Village La Grève
La Levée
La Madeleine
La Marguerite
La Mescle
La Mirande, La Mirande Distillerie
La Mère, Mère Island, Île la Mère
La Nouvelle Angoulême, Ancienne Mana
La Palmeraie
La Persévérance
La Petite Crique
La Providence
La Pépinière
La Retraite
La Roche Anglaise, La Roche Anglais, Roche Anglaise, Roches Anglaises
La Roche Fendé, La Roche Fendée, Roche Fendé, Roche Fendée
La Roseraie
La Valère
La Victoire
La Villette
Lablanche
Labombe
Lac Eloge
Lac Lalouette, Lac Lallouette, Lac de l'Alouette
Lac Marie-Claire
Lac de Montjoly
Lac de Rémire
Lac des Américains
Lac du Bois Chaudat
Lac du Bois Diable
Lac du Rorota, Lac de Korota
Lamaké Soela, Alemké, Saut la Moitié
Lambert
Lamonet
Langa Soula, Long Saut, Saut Panakira, Saut du Langa Soula, Saut du Panakiri, Saut du Panakirt
Langa Soula Tabiki, Ilet Langa Soula
Langa Tabiki
Langatetei Soela, Langa Téteï Soula, Langatete, Rapide Langa Tétey, Rapide Langa Téteï, Saut Langa-Tetey, Soula Langa Tétï, Val Langatetei
Lanti Wani
Laussat
Lavaud
Lawa Mofou Tabiki, Grand Ilet du Lawa, Lawamafoe Tabriki, Lawamofoe Tabriki
Lawa Tabiki
Le Bois Diable
Le Bourg
Le Califourchon
Le Cercueil, Le Cerceil, Le Cerceuil
Le Cheval Blanc, White Horse Rock
Le Dix-Septième
Le Gallion
Le Grand Beauregard
Le Grand Connétable, Grand Connétable, Great Connetable
Le Gravier
Le Lac Bleu
Le Larivot, Larivant, Larivaut, Larivot
Le Machoiran Blanc
Le Mahury Fleuve, Fleuve Mahury, Mahoury, Mahury Fleuve, Mahury River, Rivière Mahoury, Rivière Mahuri, Rivière Mahury
Le Malingre, Malingre Island
Le Mont Petit Lucas
Le Moulin à Vent
Le Palmier
Le Parterre
Le Petit Cayenne, Petit Cayenne
Le Petit Connétable, Little Connetable, Petit Connétable
Le Petit Machoiran
Le Père, Père Island, Île Le Père
Le Quartorzième
Le Sinnamary Fleuve, Fleuve Sinnamary, Fleuve de Sinamary, River Sinnamari, Rivière de Sinnamary
Le Solitaire
Le Tas de Roches
Le Téton
Lebi Dotsi, Montagne Kotika
Les Abricots
Les Alizés
Les Alliés
Les Amaryllis
Les Balisiers
Les Bambous
Les Bougainvilliers
Les Buissons Ardents
Les Camélias
Les Cerisiers
Les Cigales
Les Colibris
Les Comous
Les Cultures
Les Cèdres
Les Deux Rives
Les Eucalyptus
Les Flamboyants
Les Frangipaniers
Les Grenadilles
Les Hattes, Les Halles
Les Hauts de la Chaumière
Les Hibiscus
Les Héliconias
Les Ibis
Les Jardins de Sainte-Agathe
Les Loussaïs
Les Malgaches
Les Mamelles, les Deux Filles
Les Maringouins
Les Maripas
Les Moucayas
Les Mouettes
Les Nénuphars
Les Olivettes
Les Orchidées
Les Portoricains
Les Quatre Îlets
Les Rivages
Les Roches, Pointe des Roches, Rocky Point
Les Sables Blancs
Les Sept Îles, Grand Tabiki, Les 7 Iles
Les Serres
Les Âmes Claires
Les Écoles
Les Îlets de Macrabo
Lioni, Village Lioni
Lipo Lipo
Lissa
Lobimakani
Lobo
Loca-Loca Soula
Loka, Loca
Lotissement Agricole de la Crique Singes Rouges
Lotissement Bois de Rose
Lotissement Cogneau
Lotissement Gay
Lotissement Gippet
Lotissement Maillard
Lotissement Sicama
Lotissement Yarde
Lotissement de Saint-Jean, Lotissement Saint-Jean
Lotissement la Levée
Lotissement la Rhumerie
Lotissement les Barbadines
Lotissement les Toucas
Lotissements Agricoles de Matiti, Lotissement Agricole de Matiti
Lotissements Agricoles de la Césarée
Louis Ribal
Louise Elmire
Loulette
Loulouïe
Louvrier
Lysis
Léonce
Macoua, Macouba
Macouria
Macrabo
Mafi, Village Maffi
Mainia Ondo
Makaa Soula, Saut Macaa, Soula Makaa
Makou
Makou Soula, Macou Soula, Tiepi Soula
Malaïtawa Patatpe, Malaïtawa
Malipapann Icholi, Malipapane Icholi
Maliéti
Malmaison
Malmanoury
Malterre
Maman Koumarou
Maman Lézard
Maman Tortue
Maman Valentin
Mamaribo
Mamaï
Mamilipann Eoukou, Crique Mamilipan, Crique Mamilipane, Mamalipane
Mana, Fleuve La Mana, Fleuve Mana, La Mana Fleuve, Mana Rivière
Mana Fleuve
Mango
Maniga
Manil
Mankaba Soula, Mankaba-Val, Saut Mancaba, Saut Mankaba, Soula Mankaba
Mapaou
Mapéribo
Marais Leblond
Marais Mouroucoubo
Marais de Kaw
Marignan
Mario
Maripa, Féno
Maripa Soula, Maripa Soela, Saut Maripasoula
Maripa-Village
Maripasoula
Marise
Marquis
Maryflore
Marécages
Marécages de Matiti, Marécages du Matiti
Massif Dékou Dékou, Decou Decou Mountain, Massif Décou Décou, Montagne Décou Décou
Massif Lucifer, Montagne Lucifer
Massif Émerillon
Matiti
Matoupan
Matoury
Maya
Mayman
Maïpouri
Mboula Soula, Mboulo Soula
Medessi Soula
Medeyre
Mentillé
Midénangalanti
Migue, Village Migue
Mine Espérance, Village Espérance
Mission Saint-Antoine
Mitan
Mofina, Monfina
Mofiéna
Mogès
Mompé Soula, Mombin Soula, Monpé Soula
Mompé Soula Tabiki, Monpé Soula Tabiki
Monache
Mondésir
Mont Baduel, Montagne Baduel
Mont Belvédère
Mont Bourda
Mont Bruyére
Mont Cabassou, Montagne Cabassou
Mont Caïa
Mont Chauve
Mont Comou, Montagne Comou
Mont Coupart, Mont Coupard
Mont Diable
Mont Fortuné
Mont Galbao
Mont Gauthiot
Mont Grand Matoury, Grand Matoury, Mont Matoury, Montagne du Matoury
Mont Inéri
Mont Louis
Mont Lucas
Mont Marou
Mont Maunoir
Mont Paramana
Mont Petit Matoury, Petit Matoury
Mont Respect
Mont Saint-Marcel
Mont Saint-Martin, Mont Almaric, Mont Amalric
Mont Sec
Mont Siminirit
Mont Tamanoir
Mont Valérien
Mont Yaki, Mont Yaqui
Mont Yanioué, Mont de Yanioe
Mont de Montabo, Mont Remontabo
Mont de la Cordelière
Montabo
Montagne Américain
Montagne Ananas
Montagne Baloupi
Montagne Bellevue de Maripasoula
Montagne Blanche
Montagne Boroukin
Montagne Bruyère
Montagne Cacao, Montagnes Cacao, Plateau K
Montagne Café
Montagne Calcul
Montagne Cambrouze, Montagne Cambrouse
Montagne Carapa, Montagne Carapas
Montagne Cariacou
Montagne Chapeau
Montagne Chawari
Montagne Chien Mort
Montagne Collège
Montagne Continent, Montagne Contiment
Montagne Couasse
Montagne Devis
Montagne Déboulé
Montagne Eau Claire
Montagne Favard
Montagne Florida
Montagne Fourgassié
Montagne Fourmi
Montagne Fourmilière
Montagne François
Montagne Gabrielle
Montagne Galliot, Le Cône
Montagne Grosse Roche
Montagne Guadeloupe
Montagne Guatemala
Montagne Hagou Holo
Montagne Impératrice
Montagne Jolie Terre
Montagne Kwata, Montagne Couata
Montagne Lagrue
Montagne Leblond
Montagne Lombard
Montagne Machoulou
Montagne Manie Penchée
Montagne Marie-Hilaire, Montagne Amaryllaire
Montagne Maripa
Montagne Massialine
Montagne Mongorin
Montagne Moustique, Montagne Moustiques
Montagne Nivré
Montagne Patagaï, Montagne Patagaïe
Montagne Patawa
Montagne Pauline
Montagne Penchée
Montagne Petit Chien Mort
Montagne République
Montagne Sable
Montagne Saint-Jacques
Montagne Saint-Michel
Montagne Saint-Pierre
Montagne Savon
Montagne Soufflet, Montagnes Soufflet, Souffle Mountain
Montagne T.H.R.
Montagne Table
Montagne Tigany
Montagne Tizozo
Montagne Tortue
Montagne Trois Tonneaux, Montagne des Trois Tonneaux
Montagne Trésor
Montagne Wacapou, Montagne Wakapou
Montagne Yaya
Montagne Yéyé
Montagne d'Argent, Mont d'Argent
Montagne de Carbet Mitan
Montagne de Fer, Montagnes de Fer
Montagne de Kaw, Kaw Mountain, Kaw Mountains, Mont de Kaw, Montagnas dê Caux, Montagnes de Caux, Montagnes de Kaw, Mount Kaw
Montagne de Rémire
Montagne de Tourémé
Montagne de l'Espérance
Montagne des Chevaux, Montagnes des Chevaux, Montagnes des Serpents
Montagne des Maringouins, Montagnes Maringoins
Montagne des Pères, Montagnes des Pères, Monts La Condamine, Monts de la Condamine
Montagne des Rochers
Montagne des Serpents, Mont des Serpents, Montagnes des Serpents
Montagne des Singes, Monkey Mountain, Mont des Singes
Montagne des Trois Carbets
Montagne des Trois Pitons, 3 Pitons, Massif des Trois Pitons, Three Pitons
Montagne des Trois Roros, Montagnes des Trois Roros
Montagne du Diable
Montagne du Mahury, Montagne du Mahoury
Montagne du Tigre, Mont des Tigres, Montagne Tigre, Montagne des Tigres
Montagne la Tribouille
Montagnes Anglaises, Montagne Anglaise
Montagnes Bagot
Montagnes Balenfois
Montagnes Bellevue de l'Inini
Montagnes Bois Violets
Montagnes Françaises, Caa Caba, Gaa Caba
Montagnes Plomb, Mont du Diable, Mount Diable
Montagnes Tortue, Mont Tortue, Monts Tortue
Montagnes de Roura
Montagnes de la Sparouine
Montagnes de la Trinité, Massif de La Trinité
Montevideo
Montjoyeux
Montplaisant
Montravel, Mont Joli
Monts Alikéné, Mont Alikéné, Montagne Alikéné
Monts Amana, Mont Amana
Monts Apitiri
Monts Atachi Bakka, Mont Atachi Bacca, Mont Attachi Bacca, Monts Attachi Bacca
Monts Bakra
Monts Barruol
Monts Baugé
Monts Belvédère
Monts Hocco
Monts Karimaré, Mont Carimaré, Monts Carimaré
Monts Koumarouman, Coumarouma Mont, Monts Coumarouman
Monts Pariacabo, Mont Pariacabo, Mont Piricabo, Monts du Pariacabo
Monts d'Arawa, Monts Arawa
Monts de l'Observatoire, Mont de l'Observatoire
Monts la Fumée
Montsinéry-Tonnegrande
Morne Coco, Mont Morne Coco
Morne aux Échos
Mornes de Macouria, Les Mornes de Macouria, Mont Macouria
Morpio
Morpion
Morthium, Mortuom, Mortuum
Moucaya
Moulin Vent
Moussoué Santi Tabiki, Ile Moussoue
Moyen Camopi
Moyoco
Méziac
Naiman
Namiwawang
Nancibo
Napi Soula
Nassau Dédé Soula
Nasson
Nasson Soula, Amékan Soula, Nassau-val, Saut Nassau, Saut Nasson, Tion Tion Soula
Nataniel
Nationale
Niewe Rust
Niou Kampou
Nofrayan
Nouveau Assissi
Nouveau Camp
Nouveau Wapakou
Nouvelle Alliance
Nouvelle France
Nyan Nyan Soula, Gaan Coumarou Gnan Gnan Soula, Saut Coumarou-Gnagna, Saut Goumarou Gnagna, Sauts Grand Coumarou Gnan Gnan, Val Grankoemaranjam
Odoun, Edé Tabiki, Ilet Longa
Oiseau Fou
Ondiayé
Opoya
Organabo, Branche Florian, Branche Mana, L'Organabo Fleuve, L'Organabo Rivière, Organabo Fleuve, Rivière Organabo
Oscar
Otily
Ouanary
Ouaqui
Ouest Lac
Oulapa
Ouman Fou Langa Soula
Ouragan
Pa'a Itou
Paa Chton
Paalou Soula
Pacheco
Paddock
Pagamont
Pahan Tapélé
Paillé
Palassissi
Palika
Palimino Pata
Paloeloe Val, Paalou Icholi, Paloulou Icholi
Panapi Soula
Panel
Papa Constant
Papa Moumou, Papa Momo
Papaïchton, Pompidou
Papi Kondé
Papinabo
Paradis
Paramana
Parc Lindor
Parc Naturel Régional de Guyane
Parcours Noir
Pariacabo
Parsou Mouton
Pascal
Pascaud
Passe de la Désirade
Passe des Grenadines
Patate
Patawa, Mac Donald
Patawas
Patience
Patient
Patou, Dégrad Pimpin
Paul Isnard, Placer Paul Isnard
Pausine
Payla Ito, Payla Itou
Pays Indien
Penki Avo
Peter Songou Soula, Pedrosoengoe Vallen, Saut Peter Songo, Saut Peter Songou
Petit Bagot
Petit Cabrit
Petit Coromonbo
Petit Fouet
Petit Inini du Tampok, Crique Petit Inini du Tampoc, Keierekourou, Petit Inini du Tanpock, Petit Inini du Tanpok
Petit Laussat
Petit Paradis, Blacus
Petit Placer
Petit Saut
Petit Saut Céïde
Petit Saut Inipi
Petit Vevoni
Petite Branche
Petite Crique Plomb
Petite Patience
Pic Ardent
Pic Coudreau
Pic Matécho
Pic du Croissant
Picard, Lieu-dit Picard
Piedsaut
Pierre Bateau
Pierre Hoho
Pierrette, Dégrad Pierette, Dégrad Pierrette, Pierette
Pikinn Soula, Pikien Soela, Pikin Soula, Saut Pikine Soula, Val Pikien Soela, Val Pikiensoera
Pikinn Tabiki, Pikin Tabiki, Pitupata
Pilikaputpe Patatpe, Goupi Patatpe, Goupi Patatpeu
Pilima Pata
Pilipi Wono
Piliwa
Pina
Pina Tabiki
Pinot
Piton Baron
Piton Rocheux
Placer Devez
Placer Trésor
Placers Tibourou
Plage de Gosselin
Plage des Hattes
Plages de Montjoly
Plaque Roche
Plaquet
Plateau Serpent
Plateau des Cascades
Plateau des Mines
Plateau du Mahury, Table de Mahury
Plomb
Ploërmel
Podé Soula
Pointe Akoupa, Pointe Acoupa
Pointe Balaté
Pointe Blondin
Pointe Bruyère
Pointe Buzaret, Buzaré
Pointe Béhague, Pointe Behagne, Pointe de L'Est
Pointe Castor
Pointe Caïman
Pointe Charlotte
Pointe Chicot
Pointe Combi
Pointe Coswine
Pointe Crevaux
Pointe Diamant
Pointe Finie
Pointe Franconie
Pointe Française, French Point, Pointe des Hattes
Pointe Goupil
Pointe Grand Bano, Pointe Banô
Pointe Isabelle
Pointe Isère, Pointe Mana
Pointe Jaguar
Pointe Jan
Pointe Jolie Terre
Pointe Kilomètre
Pointe Koumarouman, Pointe Coumarouman
Pointe Larivot, Pointe Larivaut
Pointe Lemarchand
Pointe Logono
Pointe Macouria
Pointe Madeleine
Pointe Maripa
Pointe Mombin Cuillère
Pointe Morne
Pointe Ouarapite
Pointe Panato, Pointe Panate
Pointe Papa Moumou
Pointe Petit Bano
Pointe Pinaud
Pointe Pinot
Pointe Pollux
Pointe Rococoua, Pointe Rocoucoua
Pointe Saint-François
Pointe Saint-Joseph
Pointe Saint-Louis
Pointe Socoumou, Pointe Soucoumou
Pointe Soleil
Pointe Thomas
Pointe Vigie
Pointe de Marie-Galante
Pointe de Porto Rico
Pointe de Trinidad
Pointe de l'État-Major
Pointe de la Jamaïque
Pointe de la Roche Bleue
Pointe des Amandiers
Pointe des Caraïbes
Pointe des Goélettes
Pointe des Palétuviers
Pointe des Îles
Pointe du Mahury, Pointe Mahury
Pointe du Petit Cayenne, Pointe Palicou
Pointes Bano
Pois Sucré, Dégrad Clerc, Lieu-dit Pois Sucré
Polder Marianne
Polydor
Polémie
Pommier
Poncel
Pont Goron
Pont Mayel
Ponta
Popote
Populo
Port Inini
Port du Larivot
Portal, Village Portal
Pouga Tabiki
Pouou Sani Soula, Grand Sauts Pououssani, Guebi Bali
Poupon
Pripris Adrien
Pripris Balata
Pripris Bassini
Pripris Cabassou
Pripris Carapa, Pripris Carape
Pripris Dégonde
Pripris Florian
Pripris Gaudin
Pripris Maillard
Pripris Nango
Pripris Petit Tango
Pripris Roche
Pripris Tremblant
Pripris Tremblants
Pripris Vogel
Pripris de Mamaribo, Pripris Mamaribo
Pripris de Soula
Pripris de Trou Caïmans
Prosper James
Prospérité
Providence
Préfontaine
Pédima, Malavate
Péléa
Quartier Némo
Quartier des Deux Lacs
Quartier du lac du Bois-Chaudat
Quesnel
Raban
Rabottin
Rapides Grand Continent
Rapides des Sept Îlets, Rapide des Sept Îlets, Saut Sept Îlets
Rattier
Relais du Galion
Remire-Montjoly
Repentir
Retenue du Barrage de Petit Saut, Lac Barrage de Petit-Saut
Rio Oiapoque, Fleuve Oyapock, Japoc, L'Oyapock, Oyapok Fleuve, Rio Oiapoc, Rio Oyapock, Rio Oyapok, Rio Oyapoque, Rivière Oyapock, Vicente Pinzón
Risquetout
Rivages de Tonnégrande
Rivière Arouani, Crique Arouany, Rivière Arouany
Rivière Camopi
Rivière Comté
Rivière Grand Abounami, Grand Abounami, Grand Abounamy Rivière
Rivière Grand Inini, Crique Grand Inini, Crique Inini, Grand Inini, Inini, Inini River, Rivière Inini
Rivière Grand Mapéribo, Crique Mapéribo
Rivière Kokioko, Crique Cokioco, Crique Fourcas, Rivière Cokioco, Rivière Fourca
Rivière Kourouaï, Courouei, Rivière Courouai
Rivière Koursibo, Couriebo River, Koursibo River, Rivière Courcibo, Rivière Coureibo
Rivière Malani, Marwini Rivière, Rivière Marouini, Rivière Mouripi
Rivière Mataroni, Crique Matarony, Mataroni, Rivière Matarony
Rivière Orapu, Crique Orapu, Orapu
Rivière Ouanary, Ouanery Rivière, Ounares River, Rivière Quanary, Rivière Uanapres, Riviére Ouanari, Uanares
Rivière Oyak, Rivière Oyac, Rivière Oyack
Rivière Petit Abounami, Petit Abounami, Petit Abounamy
Rivière Petit Inini, Camopici, Crique Petit Inini, Fourca d'Inini, Petit Inini
Rivière Saint-Aulaire, Mapéribo Petite Branche
Rivière Saint-Pierre
Rivière Tampok, Araoua, Keierchourou, Rivière Araoua, Rivière Keierekourou, Rivière Tanpok, Tampoc, Tampoc Rivière
Rivière Timouthou, Crique Timoutou
Rivière Waki, Rivière Ouaqui
Rivière Yaloupi, Crique Yaroupi, Rivière Yaroupi, Yaroupi River
Rivière d'Hervieux
Rivière de Cayenne
Rivière de Kaw, Kaw River, Rivière Ouaracou, Rivière de Caux
Rivière de Kounana, Counana, Rivière Conana, Rivière Counana, Rivière de Counana
Rivière de Montsinéry, Rivière de Mortsinery
Rivière de Tonnégrande, Crique Tonnégrande, Grand Rivière, Rivière Tonegrande
Rivière des Cascades, Cascade River
Rivière du Tour de l'Île
Robert
Roche Aimable
Roche Ara
Roche Ayombé
Roche Bardo
Roche Bardot
Roche Bourgeois, Boche Bourgeois, Bourgeois Rock, Roche Boergeois
Roche Bravo, Roche Brave
Roche Brigandin, Roche du Brigantin, Îlot Brigandin
Roche Cabrit
Roche Cambrouze, Roche Cambrouse
Roche Canari Zozo
Roche Caouane, Roche Kawann
Roche Chapeau
Roche Charlotte
Roche Clara
Roche Corossony, Corosoni Rocks, Roche Corossoni, Roches Corosini, Roches Corosoni
Roche Diamant
Roche Dégonde
Roche Florian
Roche Gallot
Roche Garadier, Garadier Rocks, Roche Garadien
Roche Gauthier
Roche Génipa
Roche Hirondelle
Roche Julie
Roche Koutou, Le Likoutou
Roche La Coquine
Roche Léodate
Roche Maillard
Roche Maman Goëland
Roche Maman Pian
Roche Mon Père
Roche Monache
Roche Montesquiou
Roche Palicou, Roche Paligou
Roche Paule
Roche Péon
Roche Renard
Roche Saint-François
Roche Serpent
Roche Simon
Roche Singe Rouge, Roches Singe Rouge
Roche Singes Rouges
Roche Sophie
Roche Tablon
Roche Tado
Roche Vitalo
Roche de l'Embouchure
Roche de la Toulonnaise, Roche dela Tolonnaise
Roche la Folle, La Folle, La Folle Rocks, Roches de la Folle
Roche Élisabeth
Rocheau
Roches Blanches, Roche Blanche, Roches Sawacou, Sawacou Rocks, White Rocks
Roches Bonnet, Bonnet Rock, Roche Bonnet
Roches Claude
Roches Compas
Roches Karouabo, Roche Carouabo, Rochers Carouabo, Rochers Karouabo
Roches Kourou, Bonnet Rock, Roche Bonnet, Roche Kourou
Roches Major
Roches Plates
Roches du Mont Caïa
Rococoua, Rocoucoua
Romain
Roncevaux
Rosa
Rouga Tabiki
Roura
Route de Saint-Jean
Ruben
Rubis
Régina
Rémire, Ramire
Réserve Forestière de Saint-Maurice
Réserve Naturelle Régionale Trésor
Réserve Naturelle de La Trinité
Réserve Naturelle de l'Amana
Réserve Naturelle de l'Île du Grand Connétable
Réserve Naturelle des Marais de Kaw-Roura
Réserve Naturelle du Grand Matoury
Réserve forestière de la Montagne des Singes
Résidence Arc-en-Ciel, BP 134
Résidence Cogneau-Larivot
Résidence Saint-Martin
Réséda
Réveil
Sablance
Sable Blanc
Sabrina
Saint-Antoine
Saint-Esprit, Village Saint-Esprit
Saint-Eugène
Saint-Georges
Saint-Jean
Saint-Joseph, Petit François
Saint-Laurent-du-Maroni
Saint-Louis
Saint-Martin
Saint-Maurice
Saint-Michel
Saint-Paul, Dégrad Saint-Paul, Village Saint-Paul
Saint-Pierre
Saint-Roch
Saint-Élie, Sainte Élie
Saint-Éloi
Sainte-Agathe
Sainte-Anne, Sainte Anne Dégrad
Sainte-Catherine
Sainte-Hélène
Sainte-Marie-les-Mines
Sainte-Rita
Sainte-Rose de Lima
Sainte-Thérèse
Saleli Condé
Samapaï
Samuel
Sania
Santonia
Sapajou
Sapokaï
Sapotille
Saulnier
Saut Alcide
Saut Alexis
Saut Alice
Saut Alphonsin, Saut Morol
Saut Américain
Saut Ananas
Saut Aouara
Saut Aristide
Saut Athanase, Saut Anathase, Saut Athanas
Saut Aïcoupaye, Aicoupae, Saut Nicoupaïe, Sauts Aïkoupaï
Saut Aïmara, Saut Aimaro
Saut Baboune
Saut Badjère
Saut Baille Nom
Saut Barré
Saut Batardeau
Saut Belle Étoile
Saut Bemba
Saut Bernard
Saut Bief
Saut Bois
Saut Bois Blanc
Saut Bois Déchargé
Saut Bois Lettre
Saut Boko
Saut Bouilli-Dombré, Saut Bouilli Dongoue
Saut Buis
Saut Bâche
Saut Bérard, Saut Beïra
Saut Caca
Saut Caca de l'Eau
Saut Cambrouze, Saut Cambouze
Saut Camopi
Saut Canari
Saut Canouri
Saut Capiaïe, Saut Cabiaïs
Saut Caïman
Saut Caïmpong, Saut Coïmpong, Saut Koïnpong Tapéré
Saut Cerisier
Saut Chapeau, Saut Iquissi
Saut Chaudière
Saut Chien
Saut Ciment
Saut Clouet
Saut Colonis, Petit Saut Mathias
Saut Coton
Saut Couleuvre, Saut Coulouvre
Saut Coumarou, Sauts Coumarou
Saut Coumaroucage
Saut Couy
Saut Croute
Saut Dagomelle
Saut Dalles, Saut Dalle
Saut Dame Jeanne
Saut Daniel
Saut Daudet
Saut Deux Branches, Saut Fini
Saut Deuxième l'Usine
Saut Diable, Saut Diable en Boit, Saut Diable en Boîte
Saut Diable Caca
Saut Drague
Saut Décharger
Saut Détoucouleuvre
Saut Ektou, Saut Bambaye
Saut Elarion
Saut Embouchure
Saut Foucoul
Saut Fourmi, Saut Fourmi Oyapock, Saut Fourmi Oyapok
Saut Fracas
Saut Fromager
Saut Féti-Tabiki, Saut Goodou Campou, Saut Goodou Kampou
Saut Gayak, Saut Gayac
Saut Glace
Saut Gorigo
Saut Goupille
Saut Grand Bakou, Saut Grand Bacou, Saut Grand Bafou
Saut Grand Bala
Saut Grand Continent
Saut Grand Franconie
Saut Grand Gabaret
Saut Grand Japigny
Saut Grand Kamanwaï, Saut Camanwaïe, Saut Grand Camanwaïe
Saut Grand Kanori, Saut Canori, Saut Grand Canori
Saut Grand Koumarou, Saut Grand Coumaron, Saut Grand Coumarou
Saut Grand Kwata, Saut Couata, Saut Grand Couata
Saut Grand Machikou, Saut Grand Machicou
Saut Grand Mathias, Grand Saut Mathias
Saut Gravier
Saut Gros Tigre
Saut Génipa
Saut Hocco, Saut Hoccos
Saut Ikissi, Saut Iquissi, Saut X
Saut Impossible
Saut Indien
Saut Japigny, Saut Japiny
Saut Joli
Saut Josaphat
Saut Jupiter
Saut Kalawéli, Saut Calaouéli, Saut Calouéli
Saut Kapiaï, Saut Capiaye, Saut Motolbin
Saut Kawénn, Saut Caouène, Saut Taparoubo
Saut Konkoné, Saut Conconet
Saut Koumaka, Saut Coumaka
Saut Koumarou
Saut Koumouli, Saut Coumouri, Saut Koumouri
Saut Kwata, Couatta Soula, Kwata Soula
Saut Latidine
Saut Lautier, Sauts Lautier
Saut Lavaud, Elewe Tepou Icholi, Elélélépou, Eléüéletpe Icholi, Saut Elélétepou
Saut Lavillette, Saut Lavilette
Saut Lessé Dédé, Lensidede Val, Lensiedede val, Linsidedeval, Lésédédé Soula, Saut Lansedédé, Saut Lansédé, Saut Lesédéde, Val Lensididde
Saut Liane
Saut Liki
Saut Limonet
Saut Lobote
Saut Longtemps
Saut Lucifer
Saut Léodate
Saut Létien
Saut Lézard
Saut Macaque
Saut Magasin, Saut Magazin, Saut Marapitou
Saut Magloire, Saut Magliore
Saut Maman Valentin, Saut Valentin
Saut Manivelle
Saut Mapaou, Petit Saut Mapaou, Sauts Mapaou
Saut Marapilou
Saut Maripa, Saut Galibi, Sauts de Maripa
Saut Maufort
Saut Mauvais
Saut Maïpouri, Grand Sauts
Saut Maïs, Polissoirs
Saut Meithou
Saut Milok, Saut Miloc
Saut Miti Konkoné, Saut Miticon-connait, Saut Miticonconet, Saut Miticonconnet
Saut Mombin
Saut Monbain
Saut Mont Valérien
Saut Montabo
Saut Mouches
Saut Mouloussietou, Saut Mouroacioutou, Saut Mouroicioutou, Saut Mouroucioutou, Saut Mourousioutou
Saut Nacibo, Saut Nassibo
Saut Nana
Saut Nanas
Saut Naya, Saut Haie, Saut Naïe
Saut Niagara
Saut Nicole, Saut Maïwana
Saut Nivré
Saut Nivrée
Saut Numéro Deux
Saut Numéro Trois
Saut Numéro Un
Saut Ouaïewarou
Saut Ouman Fou l'Inspecteur
Saut Pacouacara, Saut Pakou Akara
Saut Pakira
Saut Pakoussing, Saut Pacoucine
Saut Palikou
Saut Pamaloupiaïna, Saut Pamaroupi-aèna, Yamakatoupiaïna Itou
Saut Par Hasard
Saut Parare
Saut Parasol
Saut Parole Finie
Saut Pas Trop Tôt
Saut Patate Folle
Saut Patawa
Saut Patience
Saut Petit Ako
Saut Petit Bakou, Saut Petit Bacou, Saut Petit Bafou
Saut Petit Bala
Saut Petit Canouri
Saut Petit Continent
Saut Petit Franconie
Saut Petit Gabaret
Saut Petit Impossible
Saut Petit Japigny
Saut Petit Kamanwaï, Saut Camanwaïe, Saut Petit Camanwaïe
Saut Petit Koumarou, Saut Petit Coumaron, Saut Petit Coumarou
Saut Petit Kwata, Saut Petit Couata
Saut Petit Machikou, Saut Petit Machicou
Saut Petit Mathias
Saut Petit Ouayeouarou
Saut Petit Patawa
Saut Petit Valentin
Saut Petit Waïwarou
Saut Pierkourou, Saut Kéiérékourou
Saut Pisse Diable
Saut Pitit Miti
Saut Pointe Finie
Saut Portal
Saut Pouvez Jeunes-Gens
Saut Premier l'Usine
Saut S
Saut Sabbat
Saut Saillat
Saut Sec
Saut Sept z'ilets, Saut Sept Îlets, Saut Septzilets
Saut Sonnelle
Saut Soungnou, Saut Arouany, Saut Soungou
Saut Stéphanie
Saut Séraphine
Saut Takari, Saut Tacari
Saut Takari Tanté, Saut Tacari Tanté, Saut Takaritenté
Saut Taman
Saut Tamanoir
Saut Tambour
Saut Tampak, Saut Tampac
Saut Tampok, Saut Tampoc, Saut Tanpoc, Tanpoc
Saut Tapouikan, Saut Tapouican, Saut Tékoïtou
Saut Ti Papa, Saut Tit Papa
Saut Tigre
Saut Tigre Rouge
Saut Tipoko
Saut Topi Topi
Saut Tortue
Saut Tourépé, Saut Tourepée
Saut Tromouri
Saut Trou Cochon
Saut Trouvé
Saut Vase
Saut Vata
Saut Verdun, Sauts Verdun
Saut Victorin
Saut Vincent, Saut Saint-Vincent
Saut Wasseï, Saut Ouasseye
Saut Waïwarou
Saut William
Saut Wyllistain
Saut Yanioué
Saut Yaoua Sikoua, Saut Yawa Sikwa, Saut Yawassikoua, Yawassikwa Itou
Saut Yapopéna, Oula Oula Itou, Ouraououra Itou, Saut Yawapoupé-èna, Yapopéna Itou
Saut Yapoura
Saut Yaroupi, Yaloupilemwa Itou, Yaroupi Moula Ito, Yaroupi Moula Itou
Saut des Acacias
Saut des Deux Amis
Saut des Polissoirs
Saut du Péril
Saut l'Autel, Saut Autel
Saut l'Inspecteur
Saut l'Or Rosalie
Saut l'Équerre
Saut Émerillon, Saut Canori, Saut Emerillons
Saut Équerre
Sautero
Sauts Bouchard, Saut Bouchard
Sauts Capiaïe, Saut Cabiaïs
Sauts Ceïde
Sauts Deux Roros, Saut Deux Roros
Sauts Gabaret
Sauts Grand Continent, Saut Continent
Sauts Grand Man Ponsou, Granmanponsoe, Saut Grand-Man-Ponsou
Sauts Guillaume
Sauts Kanouri
Sauts Kouéki, Saut Couéki, Sauts Couéky
Sauts Laussat
Sauts Miti Montagne, Saut Miti Montagne
Sauts Mitiki
Sauts Ménado, Saut Ménado
Sauts Petit Continent
Sauts Petit Kanori, Saut Petit Canori
Sauts Sabbat
Sauts Taconnet, Saut Taconet, Saut Taconnet
Sauts de l'Alitani, Sauts de l'Itany, Sauts du Litani
Sauts l'Usine
Savane André
Savane Angélique
Savane Balalou
Savane Bellevue
Savane Brigandin
Savane Changement
Savane Combi
Savane Césarée, Savane Mango
Savane Domaine
Savane Dorothée
Savane Fiévé
Savane Fiévée
Savane Flèche
Savane Gabriel
Savane Garré, Savane Carré
Savane Grand Macoua
Savane Guenouillet
Savane Guédon
Savane Henri
Savane Lambert
Savane Macoua
Savane Maillard
Savane Mandé
Savane Manuel
Savane Marivat
Savane Mathieu
Savane Mell
Savane Michely
Savane Morpio
Savane Nango
Savane Onémark
Savane Petit Macoua
Savane Philippon
Savane Renner
Savane Sarcelle
Savane Sergent
Savane Toulouse, Savane Thoulouse
Savane Trois Rois
Savane Viguié
Savane Wayabo, Savanes Ouayabo, Savanes Oyabo, Savanes Wayabo
Savane Yanou
Savane d'Organabo, Savane Organabo, Savanes d'Organabo
Savane de Corossony
Savane de Counamama, Savane Mal Ventre, Savane de Mal Ventre, Trou Caïman
Savane de Montsinéry, Savanes de Montsinéry
Savane de Sinnamary
Savane de Trou Bâches, Savane Trou Bâches
Savane de Trou Poissons, Trou Poisson
Savane de la Bordelaise, Savanes Bordelaises
Savane des Mornes de Macouria, Savane des Mornes
Savane des Pères, Savane des Père
Savane des Roches Blanches
Savane du Petit Cayenne
Savane du Tour de l'Île
Savane la Motte
Savane Élisabeth
Savane Éloge
Savanes Blanches, Les Savanes Blanches
Savanes Fracas, Savane Fraca
Savanes Méthon
Savanes Saint-Antoine
Savanes Trésor
Savanes d'Iracoubo
Savanes de Cavalet
Savanes de Karouabo
Savanes de Malmanoury, Savane de Malmanoury
Savanes de Matiti, Savane Matiti
Savanes de Pariacabo
Savanes du Galion
Saï
Saül
Sendilé
Senkinen
Siguy
Sikini
Simarouba
Simili
Siminiout
Singatete Val, Iaka Mapalansoela, Laka Mapalansoela, Lake Mapalan val, Lake Mapalansoela, Singa Téteï Soula, Taca Malapane, Taka Malapan Icholi, Takamalapann Icholi
Sinnamary
Sipeu, Cipeu
Sissibi Soula
Sissilia
Sivirine
Skien Tabbetje, Gaan Kiiki Tabiki
Sokoumou, Chantier Forestier de Socoumou, Socoumou
Soké
Sommet Tabulaire, Mont Itoupé
Sonnelle, Soncelle, Soneelle
Sophie, Village Sophie
Soula
Source du Tampoc, Source du Tanpok
Sparouine
Sport
Stoupan
Sursaut
Suzini, Susini
Tabikide Soula
Tablon
Tamarinier
Tampak, Tampac
Tampok
Tapoékoé
Tapéré
Taïnwa Itou, Saut Taïnoua
Tcha Tcha
Tchoukouchipann
Terre Blanche
Terre Jaune, Ancien Chantier Terre Jaune
Terre Rouge
Thiers
Théobal
Théodore
Théophane
Tigami
Timon
Tindali
Titine, Lieu-dit Titine
Tolinche, Tollinche
Tolinga
Tombe Got
Tonate, Tonale
Tonnégrande, Tonnigrande, Tonégrande
Toou Soula
Topaze
Tortue, Village Tortue
Tour a flux
Trois Palétuviers
Trois Roches
Trois Rois
Trois Sauts
Troisième Saut
Trou Ara
Trou Biran, Trou Biron
Trou Bâches
Trou Canard
Trou Caïmans
Trou Léonard
Trou Poissons, Trou Poisson
Trou l'Eau
Twenké, Toanke, Touanke
Téteï Wata Soula
Tête Crique Reine
Val Mopé, Monpé Soula, Mope-soela, Saut Mompé, Saut Monpé, Saut Monpésoula
Valentin
Valide
Veleda
Venise
Vert Odin
Vert Pré
Vichy
Victor
Vierge des Trois Tonneaux
Vieux Assissi, Asisi, Asisie, Assici, Assisi, Assissi
Vieux Grand-Santi
Vilars-Criton
Villaflore
Village Boschs
Village Brésilien
Village Chinois
Village Coco, Soukoulobi
Village Créole, Madame Yeyenne
Village Galibis, Village Galibi
Village Indien
Village Indien Arawak, Village Cécilia
Village Indien Sainte-Rose de Lima
Village Indonésien
Village Inipi, Inipi
Village Jérôme
Village Pierre
Village Saramaca
Village Saramaka
Village Tintin, Lieu-dit Tintin, Tintin
Village Toto
Village X
Village Yofé, Yofé
Viri Itou
Vitala
Volmar
Waamawetpe Icholi, Ouamaouetpeu Icholi, Wamawetpeu Soela, Wamawètpeu Icholi
Waané
Wabouli Koulon
Wakapou, Wacapou
Wakapou Soula
Wangéa
Wasaï
Wataou Tilili Icholi, Icholi Wataou Tilili
Wawa Soula, Ouaoua Soula
Wayo Gaan Soula
Waïmikwale Itou, Saut Ouaïmicouaré, Saut Waimikwaré
Wempi
Wetiede Vallen, Wéti Édé Soula
Wilfried
Wittieston Soela, Acodo Condé Soula, Acodo Kondé Soula, Akondo Kondé Soula, Saut Nassau, Wittiston Soela
Wéti Chton Soula
Wéti Soula
Yalou Patatpe, Yalou Patatpeu
Yanou
Yaoni
Yaou, Montagne Couronnée
Yapimaliki Soula
Yaya
Yiyi
Yolande
Yédi
Zabulon
Zac de Cabalou
Zaou Tabiki, Zaoe Tabriki, Zaou Tabriki
Zidok
Zone Agricole de Corossony
Zone Industrielle Terca
Zone Industrielle de Kourou, Zone Industrielle de Pariacabo
Zénith
Écarts de la Désriée
Édouard, Civet, Village Emerillons, Village Emérillon
Élysée
Émerillon, Emérillons, Emérillons Village
États-Unis, Dégrad Etats Unis
Étienne, Dégrad Etienne
Île Agalébao
Île Aïpoto, Île Aïpoteau
Île Bagatelle, Ilet Bagatelle
Île Bastien, Guidala Eiland
Île Briqueterie, Île Briquetterie
Île Catalin, Ile Pierre, Îlet Catalin
Île Caïmans
Île Comou
Île Coquelel, Île Coquelet
Île Corossony, Ilet Corossony, Ilet Corroaï, Îlot Corossoni
Île Igname
Île Jamaïque, Île Perroquet
Île Kassiaba, Île Kasiaba, Île Kassaba
Île Mantouni, Ile Mataroni, Îlet Mantouni
Île Marie
Île Mawa, Île Maoua
Île Paillé
Île Pimpin, Bigibariba Tabbetje, Ilet Pinpin
Île Portal, De Portal, Portal Eiland, Portal Island, Portal Tabbetje
Île Roche
Île Royale, Ile Royal
Île Saint-Joseph
Île Saint-Louis
Île Sakoura, Île Sacoura
Île Thomas
Île Tranquille
Île Verte
Île Waï, Île Ouaye
Île aux Lépreux
Île aux Sept Chapelets, Ile Paté, Ile aux 7 Chapelets, Ilot Sable
Île de Cayenne
Île de la Quarantaine, Eiland Oronobo, Ile Pareithy, Papegaai Tabbetje, Île Quarantaine
Île du Galion
Île la Moitié, Feti-eil, Ile Feti Tabiki, Paroe Eiland, Paroe Tabbetje, Yédina Tabiki
Îles Laussat, Isles Laussat
Îles Rémire
Îles du Salut, Iles au Diable, Isle de Salute, Safety Islands, Salut Islands
Îlet Abodo Boto
Îlet Alice
Îlet Awara
Îlet Balalou
Îlet Barbade
Îlet Beïman
Îlet Biche, Ile Biche
Îlet Bistouri
Îlet Camopi
Îlet Cariacou
Îlet Coffé
Îlet Comou
Îlet Corbeau, Île Corbeau
Îlet Coumouri, Îlet Koumouri
Îlet Couy, Île Couy
Îlet Cupidon
Îlet Denis
Îlet Flèche
Îlet Gros Philippe, Îlet Gros Pilippe
Îlet Guinguincoin, Île Guinguincoin
Îlet Jacot
Îlet Jean-Pierre
Îlet Kapiri
Îlet Lacour
Îlet Lianes
Îlet Léon
Îlet Lézard
Îlet Malouin
Îlet Maripa, Île Maripa
Îlet Marécage, Ilet Singhou, Oussingou Pa'an
Îlet Massiriki, Ilet Masikiri, Îlet Massikiri
Îlet Matamata
Îlet Mathieu, Ile Sainte Marie
Îlet Mosko
Îlet Motoura
Îlet Ménagerie
Îlet Nango, Île Nango
Îlet Niasse
Îlet Noussiri, Îlet Nouciri
Îlet Perroquet, Ile Perroquet
Îlet Pinot
Îlet Pointe Coton
Îlet Quarantaine
Îlet Roche Ananas
Îlet Tortue
Îlet Vendôme
Îlet Victor
Îlet Vovony
Îlet Waïwarou, Îlet Ouayeouarou
Îlet Zébédé
Îlet aux Perroquets, Île Perroquet
Îlets Bâches
Îlets Cerisier, Îlet Cerisier
Îlets Corbeau, Île Corbeau
Îlets Dent Grage
Îlets Dupont
Îlets Jacot, Île Jacot
Îlets Keïmou
Îlets Koroni
Îlets Niasse
Îlets Ouacarayou
Îlets Ramier
Îlets Saint-Régis
Îlets Tourépé
Îlets Yacarescin, Îlets Yakaréssing
Îlot Corossony
Îlot Crique Serpent, Îlet Crique Serpent
Îlots Courbery
