Active Hill
Agard Lands/Morne Dudon
Almondale
Americ
Anbre
Angere
Annus
Anse Bécune, Anse Becane, Becune Bay
Anse Canelle
Anse Canot, Canot
Anse Chapeau, Chapeau Bay
Anse Chastanet
Anse Cochon, Cochon Bay, L'Anse Cochon
Anse Comerette
Anse De Sables/Beane Field
Anse Epouge, Epouge Bay
Anse Falaise
Anse Feré, Feree Bay, L'Anse Feree, L'Anse Fére
Anse Galet, Galet Bay
Anse Gallette, Gallette Bay
Anse Ger
Anse Jambon, Jambon Bay
Anse L'Islet
Anse L'Ivrogne, Anse Ivrogne, Anse Yvrogne, Yvrogne Bay
Anse La Chaloupe, Anse Chaloupe, Chaloupe Bay
Anse La Liberté, Liberte Bay
Anse La Verdue
Anse La Verdure, La Verdure, La Verdure Bay
Anse Lapins
Anse Lavoutte, Lavoutte Bay
Anse Louvet, Louvet Bay
Anse Mahaut, Mahaut Bay
Anse Mamin, Mamin Bay
Anse Massacré
Anse Noir
Anse Pilori, Pilori Bay
Anse Povert, Anse Pourvait, Pourvait Bay
Anse Violon, Violon Bay
Anse de Sables, Anse Pointe Sable, Pointe Sable Bay
Anse de la Rivière Dorée
Anse des Canaries, Canaries Bay
Anse des Pitons, Pitons Bay
Anse du Piaye
Anse la Voutte
Anse-la-Raye, District of Anse-la-Raye, Quarter of Anse-la-Raye
Arundel Hill
Athens
Au Leon
Au Tabor
Au Tabor Hill
Augier
Aurendel Hill
Babonneau
Babonneau Proper
Bagatelle
Balata
Balca
Balca/En Leur Ba
Balembouche, Balambouche
Balembouche Bay
Banannes Bay
Banse
Banse La Grace
Bara Bara
Barnard Hill
Barons Drive/Coin De L'Anse
Barre Coulon
Barre De L'Isle
Barre Denis
Barre Duchaussée
Barre St.Joseph
Bazile
Beane Field
Beasejour/Myers Bridge
Beauchamp
Beausejour/Fostin'S Development
Beausejour/Ndc
Beauséjour
Belair
Belfond
Bella Rosa
Belle Plaine, Belle Plain
Belle Vue
Belle Vue Estate
Bellefond
Belmont
Belvedere
Berre Denis
Bexon
Beyar
Bisee
Bishop'S Gap
Bissee
Black Bay, Noir Bay
Black Mallet
Blanchard
Bocage
Boguis
Boguis/Desa Blond
Bois Canot
Bois Catchet
Bois D'Inde
Bois D'Orange
Bois D'Ornange/Trouya
Bois Joli
Bois Patat
Bois Verrelle
Bois d'Inde Franciou
Bon Air
Bongalo
Bonne Terre
Bonneterre
Bonneterre Gardens
Bordelais
Bosquet D'Or
Bouton
Bruceville/Shanty Town
Cabiche
Cabiche/Babonneau
Cacao
Cacoa
Cacoa/Babonneau
Cacoli
Cafeière
Caffiere
Caico/Millet
Caille Des
Calfourc
Calvaire
Calvary
Calvary/Calvaire
Calypso
Canaries
Canelles
Cantonement
Cap Estate
Cap Estate/Anse Du Cap
Cap Estate/Becune Park
Cap Estate/Becune Point
Cap Estate/Caribbean Park
Cap Estate/Golf Park
Cap Estate/Lower Saline Point
Cap Estate/Mon Du Cap
Cap Estate/Ranch Site
Cap Estate/Saddlec Back
Cap Estate/Upper Saline Point
Capital Hill
Cardinal
Careffe
Carellie
Carierre
Carrière, Carrièe
Cas En Bas
Castries, District of Castries, Quarter of Castries
Castries Waterworks Forest Reserve
Catin
Catter Beaufond
Caye Manje'
Cazuca
Cedars
Cedars/Chu Tigre
Cenac
Central Forest Reserve
Chalon
Champen Estate
Charlotte, Charlotre
Chase Gardens
Chassin
Chassin/Babonneau
Chatin
Chique/Blanchard
Choc
Choc Bay, Anse du Choc
Choc Beach
Choiseul, District of Choiseul, Quarter of Choiseul
Choiseul Bay, Anse Choiseuil, Anse Choiseul, Choiseuil Bay
Choppin Ridge/Sarot
Choucomel
Christian Hill
Christopher
Château Belair
Ciceron, Cicerone
City
City Gate/La Clery
Cocoa Dan
Colombette
Combat
Compar
Conway/Waterfront
Coolie Town
Coolietown
Corinth
Corinth Estate
Corinth/La Bel Lair
Corinthe
Coubaril
Coubaril Estate
Cresslands
Crown Lands
Crownlands/Marc
Cul De Sac
D'Aubaigon
Daban
Dacretin
Dame De Traversay
Darling Road
Dauphin
De Mailly
Debreuil
Deglos
Delaide
Delcer
Delomel
Dennery, District of Dennery, Quarter of Dennery
Dennery Bay, Port Dennery
Dennery By Pass
Dennery By Pass/Green Mountain
Dennery By Pass/Rocky Lane
Dennery By Pass/White Rock Gardens
Dennery Island
Dennery Village
Dennery Waterworks Forest Reserve
Derierre Bois
Derierre Fort/Old Victoria Road
Derierre Morne
Derniere Riviere/Fond Maricient
Derniere Riviere/Fond Petit
Derniere Riviere/Mardi Gras/Morne Caca Cochon
Derniere Riviere/Morne Panache
Dernière Rivière
Derrière Dos
Derrière Fort
Derrière Lagoon
Derrière Morne
Des Barras
Des Barras/Cacolie
Des Bateaux Island, Bateaux Island, Des Bateaux Islet
Des Blanchard
Des Bollières
Des Bottes
Des Gras
Des Marinières
Des Rameaux
Desbarra
Descatier/Six Miles
Descatieres
Descolons
Despinoze
Desrameaux
Desruisseaux, Desruisseau
Deux Branches
Deville
Diamond
Diamond/Diamond Estate
Docamel/La Resource
Dubonnaire
Dubonnet
Dubrassay
Dugard
Dupré
Durandeau
Durocher
Eau Piquant
Eau Piquant/St Urbain
Edmond Forest Reserve
En Bamboo
En Mango
En Pois Doux/Babonneau
En Poix Doux
Enbar Pwin
Entrepôt
Errard
Escap
Espérance
Espérance Harbour, Esperance Harbor
Etangs
Faux A Chaud
Ferrand
Fiette
Floissac
Floissac/Marc
Fond Assau/Babonneau
Fond Assor
Fond Bay, Anse Mabouya, Mabouya Bay
Fond Berange
Fond Bernier
Fond Cacao
Fond Cacoa
Fond Canie
Fond Cannes
Fond Cannie
Fond Capeche
Fond D'Lor/Dugard
Fond D'Or
Fond Devaux
Fond Doux
Fond Eau Rouge
Fond Estate
Fond Gens Libre
Fond Lloyd
Fond Manger
Fond Petit
Fond Sabot
Fond Saint Jacques, Fond Saint Jaques, Pond Saint Jacques
Fond d'Or Bay, Anse Fond d'Or
Fond/Desruisseaux
Forest Reserve
Forestière
Four Roads Junction
Fourreur Island, Foureur Island, Foureur Islet
Fous Island, Fous Islet
Franciou
Frigate, Fregate Island, Frigate Island
Frigate Islands Nature Reserve
Gadette
Galba
Garrand
Gayabois
Gentil
George Charles Boulevard
Gertrine
Getrine
Girard
Giraud
Glavier
Goergeville
Gomier
Goodland
Goodlands
Gouette
Grace
Grand Anse
Grand Bois Forest
Grand Bois Forest Nature Reserve
Grand Cul de Sac Bay, Cul de Sac Bay, Grande Cul de Sac Bay, Le Grand Cul de Sac
Grand Riviere
Grande Anse, Grand Anse Palmiste, Grand Palmiste Bay, Grande Anse Bay
Grande Ravine
Grande Riviere/Assou Canal
Grande Riviere/Degazon
Grande Riviere/Des Branch
Grande Riviere/En Leur Morne/Discompere
Grande Riviere/Funier
Grande Riviere/Ingle Woods
Grande Riviere/Morne Caca Cochon
Grande Riviere/Morne Elwin
Grande Riviere/Morne Serpent
Grande Riviere/Norbert
Grande Riviere/Piat
Grande Riviere/Postlewaithe
Grande Riviere/White Rock
Grande Rivière
Grass Street
Green Gold
Gros Islet Town
Gros Islet/Edge Water
Gros Morne
Gros Piton
Gros-Islet, District of Gros-Islet, Quarter of Gros-Islet
Guesneau
H'Erelle
Hellene
Hewanorra Orchard
Hill 20/Babonneau
Hillcrest Gardens
Honeymoon Beach
Hope Estate
Hospital Road
Incommode
Independence City
Industrial Estate
Industry
Invorgoil Estate
Jacmel
Jalousie
Jean Baptiste
John Compton Highway
Joyeux
Kennedy Highway/Laborie Bypass
Kiwanies Beach
L'Abbayée
L'Anse Capitaine, Anse Capitaine, Capitaine Bay
L'Anse Road
L'Anse la Raye, La Raye Bay
L'Eau Mineau
L'Eau Mineur
L'Hermitage
L'Islet à Ramier
L'Ivrogne, Yvrogne
L'Orangerie
L'Orangerie Road
L'Union
La Belle Vie
La Borne
La Carierre
La Carrière
La Caye
La Clery
La Cour Ville
La Courville
La Croix
La Croix Chabourgh
La Croix Chaubourg
La Croix Maingot
La Dauphine
La Fargue, La Fague
La Feuillet
La Fille
La Fitte
La Gare
La Grace
La Guerre
La Guerre/Chicken Back Street
La Gwen Ba
La Haut
La Pansee
La Pearle, Perle
La Pelle
La Pensée
La Perle
La Point
La Pointe
La Pointe Beach
La Resource, Ressource
La Ressource
La Retraite
La Riche
La Rivière Mitan
La Sociere
La Sorcière
La Tille
La Toc
La Toc Bay
La Tourney, Tourney
La Tourney/Cedar Heights
La Treille
La Trielle
La Vaccance
Labayee
Laborie, District of Laborie, Quarter of Laborie
Laborie Bay
Labrellotte Bay
Lamaze
Lapins Island
Lastic Hill
Le Riche
Lenny Hill
Leslie Land
Lezy
Lombard
London Road
Londonderry
Louvet
Lumière, Limere
Mabouya
Mabouya Valley
Macdomel
Maganier
Mahaut
Mailly Motête
Mal Maison
Mal Mason, Malmaison
Malabar Beach
Malgrétoute, Malgré Tout
Mamiku
Mamin
Mandelé
Marc
Marc Marc
Marchand
Marche Gaye
Mardi Gras
Maria Islands, Islet Maria, Marie Island
Maria Islands Nature Reserve
Marigot
Marigot Bay
Marigot Harbour, Marigot Harbor
Marisule
Marisule Beach
Marisule Estate
Marisule/Bon Air
Marisule/East Winds
Marisule/La Brellotte
Marisule/Top Of The World
Marisule/Top Of The World/Belle Ville
Marquis
Marquis Bay, Anse Marquis
Marquis Estate
Martin
Massacré
Massade
Massade Estate
Mavay
Maynard Hill
Miami/Bexon
Micoud, District of Micoud, Quarter of Micoud
Migny
Millet
Minvielle
Miné
Mocha
Mole
Mon Repos
Monchy
Monchy/Cardinal
Monchy/Careffe
Monchy/Cletus Village
Monchy/La Borne
Monchy/La Borne/Sans Souci
Monchy/La Retraite
Monchy/Lafeuillee
Monchy/Lawi Fwen
Monchy/Malgretoute
Monchy/Moulin A Vent
Monchy/Mount Layau
Monchy/Ravine Macock
Monchy/Riviere Mitan
Monchy/Ti Dauphin
Monchy/Vieux Sucreic
Monchy/Vieux Sucreic/Bois D'Inde
Monchy/Vieux Sucreic/Careffe
Mondesir
Mongiraud
Mongouge
Monier
Monkey Town Ciceron
Mont Eole
Monzie
Moreau
Morne Assau/Babonneau
Morne Bonin
Morne Caillandre, Morne Victorin, Mount Victorin
Morne Cayenne
Morne Ciseaux
Morne Citon
Morne D'Or
Morne Doudon
Morne Dudon
Morne Fond Saint Jacques
Morne Fortune
Morne Gomier
Morne Jacques
Morne La Croix
Morne Lastic/Desruisseaux
Morne Le Blanc
Morne Lezard Estate
Morne Noël
Morne Palama
Morne Panache
Morne Paul
Morne Road
Morne Rouge/Marc
Morne Saint Joseph
Morne Serpent
Morne Sion
Morne Siquot
Morne Tabac
Morne Vent
Morne Vert
Morne Vient
Motête
Moule A Chique
Moule à Chique
Moulin à Vent
Mount Barre Dessolière
Mount Beaucoup
Mount Beaujolais, Mount Boisjolly
Mount Bellevue, Morne Bellevue
Mount Belvidere, Morne Belvidere
Mount Cabrite, Morne Cabrite
Mount Casteau, Morne Casteau
Mount Chaubourg, Morne Chaubourg
Mount Cochon, Morne Cochon
Mount Doudon
Mount Durocher, Morne Durocher
Mount Erole
Mount Fortune
Mount Gaïac, Mont Gaiac, Morne Gaiac
Mount Gimie, Morne Gimie
Mount Gomier, Mount Gommier, Mount Gonnier
Mount Grand Magazin, Morne Grand Magasin, Mount Grand Magasin
Mount Grenier, Morne Grenier
Mount Houelmon
Mount Jambe, Morne Jambe
Mount La Combe, Morne Lacombe, Mount Lacombe
Mount Lastic, Morne Lastic
Mount Layau, Mount Layan
Mount Marquis, Morne Marquis
Mount Monier, Morne Monier
Mount Morton, Mount Morlon
Mount Parasol, Morne Parasol
Mount Pimard, Mount Bourgaret
Mount Pleasant
Mount Reddie, Morne Reddie
Mount Regnier, Morne Regnier
Mount Siquot, Mount Siquots
Mount Tabac
Mount Terr Fallée, Mount Terrafallee, Mount Terrefallee, Terrefallee
Mount Tourney, Morne Tourney
Mount des Bottes, Morne des Bottes, Mount Bottes, Mount de Bottes
Mount du Cap, Morne du Cap
Mount du Chazeau, Mount Duchazau, Mount Duchazeau
Myette Gardens
New Development
New Field/Fiette
New Village
Newfield
Obrier
Odsan, Wellsan
Old Settlement
Olibo
Paix Bouche
Palm Beach
Palmiste
Palmiste Estate
Parc Estate
Parker'S Hill
Pascal
Patience
Patterson'S Gap
Pavée
Pays Perdu
Peart'S Gap
Perou
Petit Carenage
Petit Piton
Petit Trou
Petite Anse, Petit Anse, Petite Anse Palmiste, Petite Palmiste Bay
Piat
Piaye
Pierrot
Pigeon Island, Gros Island, Ile des Ramiers
Piton Canarie, Piton Canaries
Piton Flore
Piton Saint Esprit
Planard
Plat Pays
Plateau
Plut
Pointe Sable, Point Sable
Pointe Seraphine
Pomme
Ponyon
Port Alese
Port Castries, Castries Harbour
Port Dauphin
Port Micoud
Port Volet
Portalese
Praslin
Praslin Bay, Port Praslin
Praslin Island
Punchbowl
Pélouze
Quarte Chemins
Quarter of Dauphin
Quarter of Praslin
Quilesse Forest Reserve
Rabot
Raillon Disciples
Raillon Nègres
Raillon Road
Rameau
Rat Island, Choc Island, Choc Islet, Islet du Choc, Rat Islet
Raveneau
Ravine Chabot
Ravine Claire
Ravine Duval
Ravine Poisson
Ravine Touterelle
Redoubt
Reduit Orchard
Reduit Park
Resinard
Resinard/Babonneau
Reunion
Riche Fond
Riche Fond/La Belle Vie
Riche Fond/New Village
River Dorée, Dorée, Riviere Doree
Riverside Road
Roblot
Rock Hall
Rodney Bay, Gros Ilet Bay, Gros Islet Bay
Rodney Heights
Rose Hill
Roseau
Roseau Bay
Roseau Valley
Rosehill
Rouarné
Rouche Island, Bouche Island, Bouche Islet
Ruby
Ruby Estate
Réduit
Réduit Beach
Saint Lucia, Colony of Saint Lucia, Hewanorra, Saint Lucia Colony, State of Saint Lucia
Saint Lucia Island
Saint Marie Road
Saint Phillip
Saint Rémy
Saint Urbain, Saint Urban
Saltibus
San Soucis
Sand De Feu
Sans Souci
Santa Lucia di Roverbella
Saphire
Sapphire
Sarot
Saurot
Saut
Sauzay
Savannes
Savannes Bay, Port Savannes, Port des Savannes
Savannes Bay Nature Reserve
Savannes Estate
Savannesgeorge/Constitution
Scorpion Island
Sibieux
Soucis, Sans Soucis
Soufriere Estate
Soufrière, District of Soufrière, Quarter of Soufrière
Soufrière Bay
St Helen Estate
St Jude'S Highway
St Lawrence
St Lawrence Estate
St Remy Estate
St. Joseph Estate
Stonefield
Sulphur Springs
Summersdale
Sunbilt
Sunny Acres
Talvern
Tapion
Terre Blanche
Tete Chemin
Tete Morne
Tete Morne/Morne Andrew
Thamazo
The Morne
Theatiste
Theodorine
Theodrine
Thomazo
Thomazo/Tournesse
Ti Boug
Ti Colon
Ti Delcer
Ti Morne
Ti Riviere
Ti Rocher
Ticolon
Toraille
Tou Cochan/Ti Rocher
Tourat
Tourat/Soucis
Tournesse
Town
Trois Piton
Trou Cochan/Marc
Trou Florent/Marc
Trou Gras
Trou Grauval
Trou Halhal
Trou Rouge
Troumasse, Thoumassé
Troumassee
Troumassée Bay
Union
Union Terrace
Union Vale
Union/Ti Morne
Upper Bonne Terre
Vanard
Venus
Viancelle
Victoria
Victoria De Ville
Vide Bouteille
Vieille Litre
Vieille Ville Bay
Vieux Fort Bay
Vieux Fort/Laborie Highway
Vieux Sucreic
Vieux-Fort, District of Vieux-Fort, Quarter of Vieux-Fort
Vige'
Vigie
Vigie Beach
Village
Village/Petite Bourgh
Volet
Warwick
Warwick/Daban
Waterworks
Westall Group/The Mangue
Wilton'S Yard/Grave Yard
Woodlands
Yellow Sands Beach
Yorke Hill
Zenon
