Abandonné, Quartier Abandon, Quartier Abandonné
Abondance, Quartier Abondance
Absalon, Terres d'Absalon
Absalon Hot Springs, Ancienne Station thermale d'Abaslon
Acajou
Acomat
Adinet, Quartier Adinet
Adélaïde Maillet, Quartier Adélaïde Maillet
Aire d'Accueil de Cœur Bouliki
Aire d'Accueil de l'Alma
Allée Pécoul
Alma, L'Alma
Ancinel
Anse Azerot
Anse Bagasse
Anse Balahou
Anse Baleine
Anse Baraban, Baie Baraban
Anse Basse-Pointe
Anse Belfond
Anse Belgrade
Anse Bellay, Anse Galet
Anse Belleville
Anse Bois Vert
Anse Bonneville
Anse Braham
Anse Bélune
Anse Bénitier
Anse Cachalot
Anse Cafard, Anse Caffard, Anse Tafard, L'Anse Caffar, Tafard Bay
Anse Capot
Anse Caritan
Anse Cassius
Anse Chalvet
Anse Chandelier
Anse Charpentier, Charpentier Bay
Anse Chaudière
Anse Collat
Anse Corps de Garde
Anse Cosmy, Anse Crosmy, Crosmy Bay
Anse Couleuvre
Anse Céron
Anse Dufour
Anse Esprit
Anse Figuier
Anse Figuiers, Quartier Anse Figuier
Anse Four à Chaux
Anse Gouraud
Anse Gros Raisin
Anse Grosse Roche
Anse La Touche
Anse Mabouyas
Anse Madame, Quartier Anse Madame
Anse Marigot
Anse Maroquet
Anse Massé, Anse Macé
Anse Mathurin
Anse Meunier
Anse Michel
Anse Mitan
Anse Morne Rouge
Anse Noire
Anse Poirier
Anse Ravine
Anse Richer
Anse Rivière
Anse Rivière Rouge
Anse Sellier
Anse Simon
Anse Souffleur
Anse Tonnoir
Anse Trabaud
Anse Trois Airs
Anse Turin
Anse au Bois
Anse d'Arlet, Anse d'Arlets, Petite Anse d'Arlet
Anse de Fortune
Anse de Macouba, Anse du Macouba
Anse de la Grande Pointe
Anse des Galets
Anse des Trois Rivières
Anse du Bout
Anse du Céron
Anse l'Écluse
Anse l'Étang
Anse la Balle
Anse la Celle
Anse à Dièque, Anse à Guêpes, Anse à Guêpez
Anse à Plumes
Anse à Prunes
Anse à Voile, Anse La Voile, La Voile Bay
Anse à l'Âne
Anses Marettes
Arrondissement de Fort-de-France, Arrondissement Martinique, Arrondissement du Sud
Arrondissement de La Trinité
Arrondissement de Saint-Pierre, Arrondissement du Nord
Arrondissement du Marin
Assier
Augrain, Quartier Augrain, Quartier Haut Grain
Bac, Quartier du Bac
Bagatelle
Baie Coco, Anse Coco
Baie Grande Anse
Baie Granjean, Baie Grandjean
Baie Gros Raisin
Baie Petit Galion
Baie Thalémont, Baie Thalamont
Baie de Cayol
Baie de Fonds d'Or, Baie de Fond d'Or, Fonds d'Or Bay
Baie de Fort-de-France, Cul de Sac Royal
Baie de Génipa, Baie de Gémpa
Baie de Massy-Massy, Cul-de-Sac Maci-Maci
Baie de Saint-Jacques
Baie de Saintpée
Baie de Sans-Souci
Baie de Tartane
Baie de la Crique
Baie de la Poterie
Baie des Anglais, Anglais-Ducasse, Cul-de-Sac des Anglais
Baie des Flamands
Baie des Mulets
Baie des Raisiniers
Baie des Tourelles
Baie du Carénage
Baie du François, Mouillage du François
Baie du Galion, Galion Bay
Baie du Simon, Cul-de-Sac Simon
Baie du Trou au Diable
Baie du Trésor
Baie du Vauclin, Anse du Vauclin, Cul-de-Sac du Vauclin
Baignoire de Joséphine
Balata, Balata-Tourtet, Quartier de Balata, Quartier de Balata-Tourtet
Baldara, Quartier Morne Baldara
Balleu
Bambous, Quartier Bambou
Banc Boucher
Banc Carcasse
Banc Foucambert
Banc Gamelle
Banc Grande Savane
Banc Guillotine
Banc Major, Major Bank
Banc Mitan, Mitan Bank
Banc Monsigny
Banc de Roches Madréporiques
Banc de la Carrière
Banc de la Crique, Crique Bank
Banc de la Douane, Douane Bank
Banc de la Rose, Banc de Larose
Banc de la Vierge
Banc des Flamands
Banc des Trois Cayes, Trois Cailles Bank
Banc du Diamant, Diamond Bank
Banc du Fort Saint-Louis
Banc du Gros Îlet
Banc du Milieu, Milieu Bank
Banc du Mitan
Banc du Singe, Singe Bank
Bareto
Baril de Bœuf, Banc Baril de Boeuf
Baringthon, Barington
Barrière la Croix
Barême
Bas Carabin
Bas Céron, Quartier Bas Céron
Bas Didier
Bas Mangots
Bas Morne
Basse-Pointe
Bassignac
Bassin Chien
Bassin Crabiers
Bassin Dames
Bassin Ernoult
Bassin Maquis
Bassin Nicolas
Bassin Noir
Bassin Salé
Bassin Zombi
Bassin la Boue
Bastopol
Baudelle, Quartier La Baudelle, Quartier la Baudet
Beauchamp, Quartier Beauchamp
Beauchêne
Beaufort
Beaujolais, Quartier Beaujolais
Beaulieu
Beauregard
Beauregard Caféière
Beauregard Sucrière
Beauséjour
Beauvallon, Quartier Beauvallon
Bel Oncle
Bel Évent
Bel-Air, Quartier Bélair
Belfond
Belfort, Quartier Belfort
Bellay
Belle Languette
Belle Terre
Belle Âme, Quartier Belle Âme
Belle Étoile, Quartier Belle-Étoile
Belle Île
Bellefontaine, Fond Belle Fontaine
Bellegarde, Plateau Militaire
Bellevue, Quartier Bellevue
Bellevue-Union
Belvédère
Benguette, Benquette
Berlin
Bernadette
Bernard
Berthou
Bezaudin, Quartier Bezaudin
Birot, Quartier Birot
Bitaille
Blanchard
Blanpuy
Bochette, Beauchet, Beauchette
Bois Bellevue
Bois Blanc
Bois Boyer
Bois Carré
Bois Cledelin
Bois Condioneau
Bois Coupé
Bois Crassous
Bois Desmornières
Bois Dessales
Bois Duhautmont
Bois Duval
Bois Désir
Bois Goudou
Bois Gradis
Bois Grillé
Bois Jade
Bois Jean Clair
Bois Jean Hallay
Bois Joli
Bois Jourdan
Bois Labeau
Bois Leyritz
Bois Lézard
Bois Lézarde
Bois Lézards
Bois Michel
Bois Montout
Bois Neuf, Quartier Bois Neuf
Bois Pothau
Bois Rouge
Bois Zombi, Quartier Bois Zombi
Bois d'Assier
Bois d'Inde, Quartier Bois d'Inde
Bois de l'Étang
Bois du Parc
Bois l'Encens
Bois l'Osole
Bois l'Étoile
Bois la Charles, Quartier Bois la Charles
Bois la Concorde
Bois la Pirogue
Bois la Roche
Boisville, Boiville
Bon Air, Quartier Bel-Air, Quartier Bon Air
Bon Repos, Quartier Bon Repos
Bonnaire, Bonaire
Bonne Source
Bonne Terre
Bonneau, Quartier Bonneau
Bonnes Terres
Bonneville, Quartier Caféière Bonneville
Bonnin, Quartier Bonnain
Bonny, La Bonnie, Quartier la Bonnie, Quartier la Bonny
Bontemps-Lacour
Bord de Mer, Pothou, Pothuau
Borel
Bossou, Quartier Bassou, Quartier Bossou
Boucan
Boudou
Boulevard
Bouliki
Bout Bois
Boutaud, Quartier Boutaud, Quartier la Boutaud
Bouteillé
Boë, Quartier Boué
Braffin
Bresson
Brevette, Quartier Brevette
Brin d'Amour
Brisse
Bristol
Bécouya, Quartier Bécouya
Bélème, La Belème, Quartier la Belem, Quartier la Bellem, Quartier la Bélème
Béola
Cadette, Quartier la Cadette
Café, Quartier Café
Californie, La Californie, Quartier California, Quartier Californie, Quartier de la Californie
Calvette
Cambeilh
Camp Billotte
Camp de Balata-Tourtet, Camp Balata, Camp Balata-Tourtet
Camée
Canal
Canal Agapit
Canal Carrère
Canal Gaigneron
Canal O'Neil
Canal Petit Bourg
Canal d'Alesso
Canal de Ducos
Canal du François
Canal du Lamentin
Canari Cassé
Cannelle, La Canelle, Quartier la Canelle, Quartier la Canette
Canton Suisse, Quartier Canton Suisse
Cap Cabaret
Cap Chevalier
Cap Enragé
Cap Ferré
Cap Saint-Martin
Cap Salomon, Cape Salomon, Cape Solomon
Caplet
Carabin, Quartier Morne Carabin
Caritan
Caroline
Carolé
Carrère
Cascade de Saut Gendarme
Case Descailles
Case Dujon
Case Gaignard
Case Jules
Case Man Julien
Case Navire
Case Neuve
Case Roland
Case Viala
Case l'Étang
Case-Pilote, La Case Pilotte
Casse-Cou
Cassis Boisel
Cassis Germont
Cassis Massé
Cassis des Oranges
Cassière
Catala
Caye Brigandine, Banc de la Caye Brigantine, Caye Brigantine
Caye Canon
Caye Duprey
Caye Mitan, Mitan Cay
Caye Mocos, Mocos Cay
Caye Pinsonnelle, Caye Pinsonelle
Caye Ronde, Banc de la Caye Ronde
Caye Sobbé
Caye d'Olbian, Olbian Reef
Caye de Sainte-Luce
Caye de l'Hôpital, Hospital Cay
Caye à Vache
Cayes Pariadis
Cayes Sautées
Cayes de Macabou, Macabou Cays
Cayes de Sans-Souci, Sans-Souci Cays
Cayes du Vauclin, Vauclin Cays
Cerise
Chalopin
Chalvet
Chambord, Chambort, Quartier Chambord
Champ Fleury
Champ Flore
Champfleury
Champflore, Quartier Champ-Flore
Champigny, Champigny Pays Noyé
Chapelle
Chapelle Villarson, Quartier Chapelle Villarson, Quartier Chapelle Villarçon
Charleroy
Charmiette
Charpentier
Chateauboeuf, Quartier Châteauboeuf
Chemin Canal
Chertine, Quartier Chertine
Cheval Blanc
Chevalier, Quartier la Chevalier
Chevrier, Quartier Chèvre
Choco
Choisy
Chopotte, La Chopotte, Quartier la Chopotte
Château Gaillard
Château Lézards, Château Lézard, Lezards
Château Paille
Château d'Alesso
Chère Épice, Quartier Chère Épice
Chéneau
Chéry
Cinquante Pas
Citron
Cité Bac, Le Galion
Cité Grenade
Cité Lacroix
Cité Ozanam
Cité Petit Manoir
Cité Saint-Georges
Cité Trenelle
Cité Étoile
Clairière, La Clairière
Claudine
Clauzel
Club Nautique Schoelcher
Cluny
Cocotte
Cocoyer
Coffre à Mort, Tombeau des Caraïbes
Cohé du Lamentin
Col Raibaud
Col Yang Ting
Combat
Concorde, Quartier Concorde
Concorde Leyritz
Constant
Coq
Coridon
Corneille
Corossol
Corps de Garde, Quartier Corps de Garde
Coulanges
Coulée Fontane
Coulée Rivière Blanche
Coulée d'Or, Quartier Coulée d'Or
Coulée de Bois Neuf
Cour Boule
Cour Tamarins
Courbaril, Quartier Courbaril
Courbaril-Louisy
Criquet
Croc-Souris
Crochemort
Croisée Décius
Croisée Manioc, La Croisée Manioc
Croisée Palmiste
Croisée Soldat
Croix Blanche, Quartier Croix Blanche
Croix Diamant, Morne du Diamant
Croix Girin
Croix Godet
Croix Jubilé
Croix Louisy
Croix Mission
Croix Odilon, Quartier Croix Odillon
Croix Rivail
Croix des Salines
Crozanville
Crève-Cœur
Crésus
Crête Citron
Crête Paviot
Crête d'Or
Crête de Balata
Crête du Cournan
Crêteau de Cheval
Cul-de-Sac Ferré
Cul-de-Sac Petite Grenade, Cul-de-Sac Grenade
Cul-de-Sac Tartane, Cul-de-Sac Tartanne
Cul-de-Sac de Frégate, Cul-de-Sac Frégate
Cul-de-Sac de Paquemar, Cul de Sac Pacquemart, Cul-de-Sac du Paquemar
Cul-de-Sac des Roseaux
Cul-de-Sac du Marin, Cul-de-Sac Marin
Cul-de-Sac à Vache, Cul-de-Sac aux Vaches
Cédalise
Césaire, La Césaire, Quartier la Césaire
Cône de Mil Neuf Cent Deux, Cône de 1902
Cône de Mil Neuf Cent Vingt-Neuf, Cône de 1929
Côte Bois d'Inde
Côte d'Or
D'Orival
Dabadie, Quartier Dabadie
Darcourt
Dartault
Daubert, Quartier Daubert
Dehaumont, Cité Dehautmont, Duhaumont
Delaine
Derrière Bois, Quartier Derrière Bois
Derrière Cimetière
Derrière Morne, Quartier Derrière Morne
Derrière la Table
Des Rochers
Desbrosses, Quartier Desbrosses
Descailles
Deschamps, Quartier Deschamps
Descossières, Quartier Descossières, Quartier Descostière
Desfarges
Desforts, Quartier Desforts
Desgaleries
Desgatte
Desloges
Desmangues
Desmarinières, Desmarinière, Quartier Desmarinières
Desmartinières, Quartier Desmartinières
Desroses
Desruisseaux, Quartier Desruisseaux
Deux Choux, Deus Chous
Deux Courants, Les Deux Courants
Deville
Diaka
Didier
Didier Waterfall
Dillon, Cité Dillon
Distillerie 3 rivieres
Distillerie A1710
Distillerie Depaz
Distillerie Neisson
Distillerie Saint James
Distillerie la favorite
Dizac
Domaine Acajou
Domaine d'émeraude
Domaine de Belfond
Domaine de Tunisie
Dominant, Quartier Dominant
Dominante, Quartier Dominante
Dormante
Dosithé
Dostaly
Du Saut
Dubois
Duchamp
Duchesnetaux
Duchâtel
Duchêne, Duchesne, La Duchêne, Quartier la Duchêne
Ducos
Dufailly
Duferret
Dugane
Duhamelin, Quartier du Hamelin
Duharoc
Dumaine, Quartier Dumaine
Dumozé
Dunoyer
Duquesne, Quartier la Duquesne
Durivage
Durocher
Duverger
Débat
Dédé
Dégras
Délivry, Quartier Delivry, Quartier Dérivry
Démare, Quartier Desmares, Quartier Démare
Désert
Désiles
Désirade
Désormeaux
En Bas Bois
En Bidault
En Donce
En Fonds
En Père
Ensfelder
Ermitage
Escarvaille
Esplanade Schoelcher
Eudorçait, Quartier Eudorçait
Falaise Isaïe
Fantaisie, Quartier Fantaisie
Fardin
Faubourg Schoelcher
Favrier Montaou
Ferme Saint-Jacques
Ferré, Ferret
Figuier
Firmin, Quartier Firmin
Flamande Roads
Flamboyants
Flandrin
Fleur d'Épée
Fleury, Quartier Fleury
Floréal
Fond Abattoir, Quartier Fond Abattoir, Quartier Fond Abbatoir
Fond Baise
Fond Bellemare
Fond Bernier
Fond Berthier
Fond Blanc
Fond Blanc de l'Îlet à Ramiers, Fond-blanc de l'Let à Ramiers
Fond Bohème
Fond Boucher, Fond Giromont, Fonds Boucher
Fond Bourdon
Fond Bourlet, Fonds Bourlet
Fond Bourlet Bas
Fond Bourlet Haut
Fond Brûlé, Fonds Brûlés, Quartier Fonds Brûlés
Fond Cacao, Quartier Fond Cacao
Fond Cadran
Fond Camille
Fond Canal
Fond Cani
Fond Canonville, Canonville
Fond Capot, Fonds Capot
Fond Carbonnel
Fond Châtaignes
Fond Chéneaux
Fond Clémence
Fond Collat
Fond Corré
Fond Coulisse
Fond Debasses
Fond Desrivaux
Fond Destreilles
Fond Doré
Fond Duclos
Fond Fougères
Fond Galion Sainte-Luce
Fond Gens Libres, Quartier Fond Gens Libres
Fond Gentlemen
Fond Giromond, Quartier Fond Giraumont
Fond Grande Anse
Fond Henry
Fond Hubert, Quartier Fond Hubert, Quartier Fonds Hubert
Fond Labour
Fond Laillet
Fond Lottière
Fond Marguerite
Fond Marie-Reine, Quartier Fond Marie Reine
Fond Marie-Riene
Fond Masure
Fond Mentin
Fond Mithon
Fond Moubin
Fond Moulin
Fond Moustiques
Fond Mulâtre
Fond Mulâtres, Quartier Fond Mulâtre
Fond Ménagerie
Fond Nicolas, Fonds Nicolas
Fond Nigaud
Fond Palmiste
Fond Panier, Fonds Panier, Quartier Fond Panier, Quartier Fonds Panier
Fond Pierre
Fond Placide
Fond Plumet
Fond Potiche
Fond Printemps
Fond Repos
Fond Requiem
Fond Richard
Fond Rose, Quartier Fond Rose
Fond Rouge
Fond Rousseau, Fonds Rousseau
Fond Sablon
Fond Saint-Jacques, Fonds-Saint-Jacques
Fond Sainte-Claire
Fond Savane
Fond Serpent
Fond Séguineau
Fond Thoraille
Fond Zamy, Fonds Zamy, Quartier Fonds Zamy
Fond Zombi, Quartier Fond Zombi
Fond d'Enfer
Fond d'Or, Fonds d'Or
Fond d'Orange, Fonds d'Orange
Fond l'Afrique
Fond Épingles
Fond-Lahaye, Fond la Hayes, Fonds-Lahaye
Fonds Abricot
Fonds Bohême, Fond Bohême
Fonds Cérémaux, Fond Cérémaux, Fonds Cénemeau, Fonds Cérémeau
Fonds Dominique
Fonds Fleury, Fond Fleury, Quartier du Fond Fleuri
Fonds Galion, Fond Galion
Fonds Labaric
Fonds Manoël
Fonds Mascret, Fond Mascret, Quartier Fond Mascré, Quartier Fonds Mascret
Fonds Masson, Fond Masson, Quartier Fond Masson, Quartier Fonds Masson
Fonds Moulin
Fonds Préville
Fonds-Saint-Denis, Fond-Saint-Denis
Fontane
Fort-de-France
Forêt Départementalo-Domaniale de Crève-Cœur
Forêt Départementalo-Domaniale de Fond Lahaye
Forêt Départementalo-Domaniale de Lépinay
Forêt Départementalo-Domaniale de Montravail
Forêt Départementalo-Domaniale de Pointe Savane
Forêt Départementalo-Domaniale de la Discorde
Forêt Départementalo-Domaniale de la Montagne Pelée
Forêt Départementalo-Domaniale des Pitons du Carbet
Forêt Fond Georges
Forêt de Morne des Olives, Forêt du Morne des Olives
Forêt de Rabuchon
Forêt de Reculée
Forêt de Vatable
Forêt des Anglais
Forêt du Morne Bellevue
Forêt du Morne du Lorrain
Fougainville
Fougère Brûlée
Four à Chaux, Quartier Four à Chaux
Fourniols
François
Frégate
Félicité
Félix
Fénelon
Féral, La Féral
Gaalon
Gabourin, Quartier Gabourin
Gaigneron
Galette, Quartier Galette
Gallochat, Galocha
Gaschette
Gerbault, Quartier Gerbault
Gergault, Quartier Gergault
Glacy
Glotin, Quartier Glotin
Godissard
Gommier Percé
Gondeau, Bas Quartier la Gondeau, Quartier Basse-Gondeau
Gondeau Saint-Joseph, Quartier Gondeau-Saint-Joseph
Gorges de la Falaise
Goujon
Goureau
Gradis
Grand Bassin, Quartier Grand Bassin
Grand Boucan
Grand Bé
Grand Caye
Grand Champ, Grandchamp
Grand Dégras
Grand Fond
Grand Fourneau
Grand Galion
Grand Paradis
Grand Plateau
Grand Repos
Grand Village
Grand'Rivière
Grand-Case, Grande Case
Grand-Court
Grand-Figue
Grand-Fleur
Grand-Maison
Grand-Pointe, Grosse Point
Grande Anse, Quartier Grande Anse
Grande Anse Macabou, Anse Macabou
Grande Anse d'Arlet, Grande Anse d'Arlets
Grande Anse des Salines
Grande Anse du Diamant
Grande Passe du Simon, Grande Passe Simon, Great Simon Pass
Grande Ravine
Grande Rivière, La Grande Rivière
Grande Rivière Pilote
Grande Rochelle
Grande Savane, Quartier Grande Savane
Grande Terre
Grande Trace
Grande-Sèche
Grands Céron
Grands Fonds, Grand Fonds
Gros Loup
Gros Morne
Gros Morne de Bellevue
Gros Raisin
Gros Roche
Gros Îlet
Gros-Morne
Grosse Gouttière
Grosse Ravine
Grozan, Quartier Grosan
Gueydon
Guimbé
Guinée-Fleury, Quartier Fleury Guiné, Quartier la Fleury Guiné
Guénot
Génipa
Géson
Habitation Beauséjour
Habitation Bellevue
Habitation Bonaparte
Habitation Bourdon
Habitation Chalvet
Habitation Champflore
Habitation Charpentier
Habitation Château Gaillard
Habitation Clément
Habitation Concorde
Habitation Céron
Habitation Dehaumont
Habitation Denel
Habitation Desfourneaux
Habitation Desportes
Habitation Ducassous
Habitation Duvallon
Habitation Fond Rousseau
Habitation Four à Chaux
Habitation Gondeau
Habitation Gradis
Habitation Grande Savane
Habitation Jonction
Habitation Lagrange
Habitation Lajus
Habitation Lassalle
Habitation Limbé
Habitation Madet
Habitation Martineau
Habitation Massel
Habitation Montagne d'Irlande
Habitation Morestin
Habitation Nouvelle Cité
Habitation Petit Sable
Habitation Petite Rivière, Quartier Petite Rivière
Habitation Prospérité
Habitation Pécoul
Habitation Ressource
Habitation Rivière
Habitation Rivière Lézarde
Habitation Rivière Monsieur
Habitation Sainte-Luce
Habitation Salubre
Habitation Soudon
Habitation Thébault
Habitation Union
Habitation Val d'Or
Habitation Villier
Habitation Vivé
Habitation la Doublet
Habitation la Favorite
Habitation la Thibault
Habitation le Simon
Habitation les Hauts Étages
Habitation là-Haut
Habitués
Hackaert
Hardy
Haut Didier
Haut Féraud
Haut Morne
Haut Perinelle
Haut Plateau
Haut Roches Carrées
Haute Gondeau
Hauteurs Bourdon, Quartier Hauteurs Bourdon
Hauteurs Dumas
Hauteurs Rivière Roche
Hauteurs de Terreville, Hauteur de Terreville
Havre de Trinité, Cul de Sac de la Trinité, Havre de la Trinité, La Trinité Bay, Trinité Bay
Havre du Robert, Robert Harbor
Hubert
Humbert, Quartier Humbert
Jacqua
Jacques
Jacquot
Jambette
Jean-Baptiste
Jean-Louis
Jeanne d'Arc, Croisée Jeanne d'Arc
Jeannot
Jeanville
Joli Mont
Jolimont
Josseaud, Quartier Josseau, Quartier Josseaud
José
Joséphine
L'Aileron
L'Ajoupa Soldat
L'Ajoupa-Bouillon, Ajoupa-Bouillon, L'Ajoupa, Lajoupabouyon
L'Allée, Quartier l'Allée
L'Anse Dufour, L'Anse Noire
L'Anse Gouraud
L'Anse Mitan
L'Anse Turin
L'Anse la Rose
L'Anse à l'Âne
L'Autre Bord
L'Avenir
L'Enclos
L'Entonnoir
L'Entraide
L'Ermitage, Quartier Hermitage, Quartier l'Ermitage
L'Ermitage Gommier
L'Espérance, Espérance
L'Heureux, Quartier Lheureux
L'Hôpital Champflore
L'Union
L'École
L'Épineux
L'Étang
L'Étoile
L'Îlet
La Baie des Anglais
La Baie des Mulets
La Bananeraie
La Batterie
La Baume, Quartier la Baume
La Beaufond
La Beauville, Quartier la Beauville
La Berry
La Bertrand
La Bonne Mère
La Bonneau
La Borelli
La Boutaud
La Broue
La Brêche
La Cadeau
La Cadet, Cadet
La Caféière
La Camille
La Capoul
La Caraïbe
La Carreau
La Carrière, Quartier la Carrière
La Case Brûlée
La Casse
La Cavalerie
La Chapelle
La Charité
La Charles
La Charmeuse
La Charmille
La Cherry
La Citadelle
La Citerne
La Clef
La Cocotte
La Colline
La Collion
La Cotonnerie, Cotonnerie
La Cour
La Crique
La Croisée
La Croix
La Croix Dubuc
La Debuc
La Denval
La Desbordes
La Deslande
La Dessaint, Quartier la Dessaint
La Digue
La Discorde
La Disjonslée
La Distillerie
La Donneau
La Douche Source
La Duberceau
La Duchâtel
La Dufresne
La Dumaine, Quartier la Dumaine
La Duprey
La Dupuy
La Durand, Quartier Durand
La Débat
La Débite
La Démarche, Quartier la Démarche
La Falaise
La Falaise Rouge
La Farelle, Quartier la Farelle
La Favorite, Favorite, Quartier la Favorite
La Fayette
La Ferme
La Ferme Saint-Jacques, Quartier Ferme Saint-Jacques
La Floride
La Folie
La Fontaine Chaude
La Fontenay, Quartier la Fontenay
La Fouquette
La Francisque
La Fraîcheur
La Galette
La Galère
La Ganate
La Garanne
La Garde
La Garenne
La Gillot, Quartier Gillot
La Girard
La Grande Savane
La Grosillière
La Grosse Roche
La Haut, Quartier Là-Haut
La Huvet
La Jambette
La Joubardière
La Laugier, Laugier
La Lucette
La Léandre
La Lézarde, La Lézarde Rivière
La Mairie
La Mamisse
La Manzo, Quartier la Manzo
La Mare
La Marguerite
La Marie
La Marry
La Massel
La Massine
La Massy
La Maugée
La Mauny
La Meynard
La Michel
La Michèle
La Montagne
La Montfort
La Moïse
La Médaille, Medaille, Quartier la Médaille
La Mélise
La Ménagerie
La Nau, Quartier la Nau
La Nazaire
La Neveu
La Norville
La Pagerie, La Bagerie
La Palun
La Patte du Tigre
La Perdrix
La Perrine
La Petite Rivière
La Petite Tracée
La Philippe
La Pignol
La Pirogue
La Plaine
La Plaine des Trois-Îlets
La Plassonnerie
La Plate-Forme
La Pointe
La Pointe Fine
La Pointe des Grives
La Pointe des Sables
La Pomme Jaune
La Porte des Bois
La Poudrière
La Poulette
La Prairie
La Presqu'île
La Quille
La Ravine
La Richard, Quartier la Richard
La Roche Parasol
La Rodate
La Régale
La Sagesse
La Saint-Pierre, Quartier Saint-Pierre
La Salette, Quartier la Salette
La Samperre
La Savane
La Source
La Source Poulage
La Source Richemond
La Suffrin
La Suin, Quartier Suin
La Sérénité
La Tocnay
La Tracée, La Tracée Rivière, Quartier la Tracée
La Tranchée, Quartier la Tranchée
La Treize
La Trenelle
La Trinité
La Tête de Singe
La Victoire, Victoire
La Vierge, Quartier la Vierge
La Villéa
La Xavier
La Yoyoye
Laboissière, La Boissière, Quartier la Boissière
Ladour
Lafitte
Lagrandcourt
Lajus
Lamberton
Lanticq
Lanuquette
Lapalun
Lareinty, Marly
Lavison
Lazaret
Le Banc de Sable
Le Bois Soldat, Bois Soldat, Quartier Bois Soldat
Le Bois d'Inde
Le Bois de l'Union
Le Bourdin
Le Bout de Barrière
Le Bout de Canal
Le Calebassier
Le Calvaire
Le Camp Chazeau
Le Cap, Cap-Marin, Marin
Le Carbet, Bourg du Carbet, Carbet, Ле-Карбе
Le Centre
Le Chalet
Le Chapeau Nègre
Le Chinois
Le Château
Le Coin
Le Diamant, Diamant
Le Directoire
Le Forçat
Le Four
Le Foyer
Le François
Le Fromager
Le Gros Coulirou
Le Jardin de la Pelée
Le Jardin des Plantes
Le Lamentin
Le Lazaret
Le Lorrain
Le Macré
Le Marigot, Bourg du Marigot, Fonds d'Or
Le Marin
Le Morne aux Bœufs
Le Morne d'Orange
Le Morne-Rouge, Ле-Морн-Руж
Le Morne-Vert
Le Mouillage
Le Môle
Le Parc
Le Petit Jacob
Le Petit Lorrain
Le Piton
Le Plateau
Le Pont Man Idos
Le Pont Maximin
Le Poteau
Le Prêcheur, Prechur, Prêcheur
Le Robert
Le Sable Blanc
Le Saut Guibert
Le Saut d'Eau
Le Tombeau
Le Tourment
Le Tricolore
Le Trou, Quartier Anse de Reynal
Le Trou Anastasie
Le Trou Margot
Le Trou Navet
Le Trou de la Diablesse
Le Trou-Congo
Le Vallon
Le Vauclin
Le Vieux Moulin
Lecomte, Quartier Lecombe, Quartier Lecomte
Les Abricots
Les Abymes, Abymes, Quartier des Abymes
Les Abîmes
Les Ananas
Les Anglais des Grottes
Les Anses-d'Arlet, Anses d'Arlet, Anses d'Arlets, Les Anses-d'Arlets
Les Bambous
Les Boucaniers
Les Coteaux, Le Coteau
Les Deux Terres, Quartier les Deux Terres
Les Digues
Les Flamboyants
Les Hauts
Les Hauts de Maniba
Les Hauts du Port
Les Moubins
Les Ombrages
Les Quatre Chemins
Les Ravinières
Les Salines Blondel
Les Salines Dillon, Salines Dillon
Les Sept Croisées
Les Trois Ponts, Quartier des Trois-Ponts
Les Trois Îlets
Les Trois-Îlets
Lescouët
Lessema
Lestrade, Quartier Lestrade
Limbé
Long Bois, Quartier Long Bois
Long Pré
Longuet
Longvilliers
Lotissement Aubéry
Loup Banane
Loup Bordelais
Loup Charpentier
Loup Fort
Loup Lacroix
Loup Marguerite
Loup Marseillais
Loup Ministre, Banc Loup-Ministre
Loup Sainte-Marie, Loup de Sainte-Marie
Loup-Garou
Lourdes, Quartier Lourdes
Louvet
Lowinsky, Quartier Lowinsky
Luciole
Lunette Bouillé, Quartier Lunette Bouille
Luçon, Quartier Luçon
Là-Haut, Quartier Là-Haut
Lépinay, Quartier Lepinoy
Léro, Quartier Léro
Lézarde Rivière, La Lézarde Rivière, Rivière des Lézards
Lézarde-Plaisance
Macabou
Mackintosh
Macouba, Le Macouba
Macré
Macédoine
Madelonnette
Madiana
Madriers
Magdelonnette
Magnan
Mahault, Mahaut
Maison Rouge
Malakoff
Malevaut, La Malevaut
Malgré Tout
Malo
Mangot Vulcin
Maniba
Mansarde Catalogne, Catalogne
Mansarde Rancée
Mapou
Mare Capron
Mare Ferrant
Mare Georges
Mare Poirier
Marie Noire
Marigot
Marigot du Diamant, Anse du Diamant
Marina du François
Marlet
Marlette
Marquis
Martineaud
Martinique, Département de La Martinique, Island of Martinique, La Martinique, Martinique Island, Région Martinique, Мартиніка
Mascarasse
Massotin
Massé
Mathilde
Mathurin
Matignon
Maupéou, Maupeau
Maxime, Quartier Maxime
Maximin
Maya Beach Club
Mayol, Quartier la Mayaule
Mazière
Merveilleuse
Mespont
Micolo
Mignot
Mille Pas
Monant
Mondésir
Mondésir-Pointe Sable
Monmarche
Monnerot, La Monnerot, Quartier la Monnerot
Mont Bouché
Mont Béni
Mont Désert
Mont Plaisir, Quartier Monplaisir
Mont Vert
Montagne Pelée, La Montagne Pelée, Mont Pelé, Mont Pelée, Monte Pelée, Mount Pelée, Pelee Peak, Монтань-Пеле
Montagne du Vauclin
Montgérald
Montjoly, Quartier Mont Joli, Quartier Mont-Joly
Montravail, Quartier Montravail
Montéol
Monésie
Moreau
Morency
Morne Abricot
Morne Aca
Morne Aca-Pointe Borgnèse
Morne Acajou, Quartier Morne Acajou
Morne Amérique du Nord
Morne Amérique du Sud
Morne Anicette
Morne Babet
Morne Baguidi, Baguidi
Morne Balai, Quartier Morne Balai
Morne Balata
Morne Baldara
Morne Balisier
Morne Baptiste
Morne Barthélemy
Morne Bataillon
Morne Beau Séjour, Morne Beauséjour
Morne Beaujolais
Morne Beaulieu
Morne Beauregard
Morne Bel
Morne Bel-Air
Morne Bellevue
Morne Benguette
Morne Bigot
Morne Biron
Morne Blanc
Morne Bois, Quartier Morne Bois
Morne Bois Michel
Morne Bois Soldat
Morne Bois d'Inde
Morne Bonne Source
Morne Bossu
Morne Boye
Morne Brunot
Morne Burgot
Morne Cabrit
Morne Cabrits
Morne Calebasse, La Calebasse, Morne de la Calebasse, Quartier Morne Calebasse
Morne Californie
Morne Camp
Morne Cantobion
Morne Capot, Quartier Morne Capot
Morne Carabin
Morne Caraïbe
Morne Carette, Quartier Morne Carrette, Quartier Morne Garrette
Morne Caritan
Morne Caroline
Morne Carrière
Morne Castagne
Morne Chalvain
Morne Champagne
Morne Chapeau Nègre
Morne Charlerie
Morne Charles Pieds
Morne Choiseul
Morne Chopin
Morne Clochette
Morne Coco
Morne Cocos
Morne Congo, Quartier Morne Congo
Morne Coupier
Morne Courbaril, Quartier Morne Courbaril
Morne Covin
Morne Crapaud
Morne Céron
Morne Césaire
Morne Daniel
Morne David
Morne Degras
Morne Deprogiste
Morne Desaix
Morne Diamant
Morne Dormier, Morne Dornier
Morne Doré
Morne Dos d'Âne
Morne Duchêne
Morne Duclos
Morne Dunoyer
Morne Dury
Morne Désir
Morne Escarpé
Morne Escavaille
Morne Essentes
Morne Figue
Morne Firmin
Morne Flambeau
Morne Fournerey
Morne Fumé
Morne Félix
Morne Gabillon
Morne Galbas
Morne Gamelle
Morne Gardier
Morne Gaubert
Morne Genty
Morne Gibouin
Morne Gommier
Morne Grand-Maison
Morne Gras
Morne Gros Vent
Morne Grosse Roche
Morne Guérin
Morne Habitué
Morne Havre
Morne Hervé
Morne Honoré, Quartier Morne Honoré
Morne Jacob, Jacob Hill
Morne Jacqueline
Morne Jacques
Morne Jalouse
Morne Jeannette
Morne Joli Cœur
Morne Jubin
Morne Julien
Morne Lacroix
Morne Lacty
Morne Ladou
Morne Lapointe
Morne Larcher
Morne Laurent
Morne Laurier
Morne Lavison
Morne Lilet
Morne Longpré
Morne Luçon
Morne Léone
Morne Lézards
Morne Ma Croix
Morne Macouba
Morne Mahault
Morne Malgré Tout
Morne Malgré-Tout
Morne Malé
Morne Man Roy
Morne Manceau
Morne Manioc
Morne Marcel
Morne Marcelin
Morne Mare
Morne Marguerite
Morne Massonville
Morne Mathurin
Morne Moco, Moco Hill
Morne Modeste
Morne Montauban
Morne Monésie
Morne Morissot
Morne Moulinguet
Morne Mouton
Morne Mulet
Morne Obely
Morne Palmiste, Piton Larouche
Morne Patate
Morne Pavillon, Morne Constant, Quartier Morne Pavillon
Morne Perret, Morne Lenard
Morne Persil
Morne Piquet
Morne Pitault, Quartier Morne Pitault
Morne Piton
Morne Platine
Morne Plumé
Morne Poirier, Quartier Morne Poirier, Quartier la Poirier
Morne Pois
Morne Pomme
Morne Posé
Morne Potin
Morne Privat
Morne Préfontaine
Morne Pérou
Morne Quatre-Vingts
Morne Raquettes
Morne Robert
Morne Roche
Morne Roches
Morne Rose
Morne Roseau
Morne Rouge
Morne Réduit
Morne Réduit Masson
Morne Régale, Regale Hill
Morne Saint-Arroman, Morne Saint Aroman
Morne Saint-Gilles
Morne Saint-Martin
Morne Sainte-Croix
Morne Savon
Morne Schoelcher
Morne Serpent, Quartier Morne Serpent
Morne Sibéran
Morne Sibérie
Morne Sorhainde
Morne Spoutourne
Morne Sulpice
Morne Surey
Morne Tartenson
Morne Théodore, Quartier Morne Théodore
Morne Tranchette
Morne Tringle
Morne Trou Bois
Morne Val d'Or
Morne Valentin, Quartier Morne Valentin, Quartier du Morne Valentin
Morne Vallon, Quartier Vallon
Morne Vanier
Morne Vaudin
Morne Vent, Quartier Morne Vert
Morne Venté, Quartier Venté
Morne Vert
Morne Vert Pré
Morne Yoyo
Morne aux Bœufs
Morne aux Croupières
Morne aux Gueules
Morne d'Alet
Morne d'Orange
Morne d'Orient
Morne de Launay
Morne de l'Étang
Morne de la Folie
Morne de la Régale
Morne des Bretons
Morne des Cadets, Cadets Knoll
Morne des Croix
Morne des Esses, Morne d'Esses, Quartier Morne des Esses
Morne des Mangues
Morne des Olives, Le Morne des Olives, Mount of Olives, Quartier Morne des Olives
Morne des Pères
Morne des Pétrifications
Morne des Roseaux
Morne du Bourg
Morne du Cap
Morne du Céron
Morne du Lorrain
Morne du Malevaut
Morne du Riz
Morne la Caillerie
Morne la Capote
Morne la Coulisse
Morne la Croix
Morne la Diablesse
Morne la Digue
Morne la Ferme
Morne la Piquonne
Morne la Pirogue
Morne la Plaine, Plaine Hill
Morne la Rosette
Morne la Valeur, Quartier Morne la Valeur
Morne Éclair
Morne Étoile
Morne à Lianes
Morne à Roche, Quartier Morne à Roche
Morne à Vaches
Morne-Pichevin
Morne-Vert
Mouillage de Sainte-Anne, Mouillage Sainte-Anne
Mouillage de la Dillon, Anchorage de la Dillon
Mouillage de la Rivière Pilote
Mouillage de la Rivière Salée, Anchorage de la Rivière Salée
Mouillage des Flamands, Ance de Flamans, Anchorage des Flamands, Anse des Flamands, Rade des Flamands
Mouillage des Trois Îlets, Anchorage des Trois Ilets
Moulin l'Étang
Moulin à Eau
Moulin à Vent
Mounzi
Moutte, Fontaine de Moutte, Quartier Fontaine de Moutte
Médecin, Quartier Médecin
Ména
Mézin
Nanon
Nicolas
Nord Plage
Nouvelle Cité
Négoué
O'Mullane
Oblot
Pain Bis
Pain de Sucre, Quartier Pain de Sucre, Sugar Loaf Peak
Palmiste, Quartier la Palmiste
Palmistes
Palmène, Quartier Palmène
Palourde
Papin
Paquemar
Parc Naturel Régional de la Martinique
Parnasse, Le Parnasse, Quartier Parnasse
Passage du Courant Blanc
Passe de Caracoli, Caracoli Channel
Passe de Caye Mitan, Mitan Channel
Passe de Caye Pinsonnelle, Passe de Caye Pinsonelle, Pinsonnelle Channel
Passe de Sans-Souci, Sans Souci Pass
Passe des Fours, Fours Channel
Passe des Guerbois
Passe des Trois-Îlets
Passe du Brigot, Brigot Channel
Passe du Carénage
Passe du François, François Pass
Passe du Loup-Garou
Passe du Marin, Marin Channel
Passe du Nord
Passe du Sifflet
Passe du Vauclin, Vauclin Channel
Passe-Mon-Temps
Pavillon
Pays Mêlé, Quartier Pays Mêlé
Pays Noyé
Pelletier, Quartier Pelletier
Perret
Perriolat
Peter Maillet
Petit Bois
Petit Bonhomme
Petit Bourg, Le Petit Bourg, Petit-Bourge
Petit Brésil
Petit Bé
Petit Campêche, Quartier Petit Campêche
Petit Céron
Petit Fond
Petit Fourneau
Petit Galion
Petit Morne, Petite Morne
Petit Paradis, Quartier Petit Paradis
Petit Piton
Petit Pré
Petit Pérou
Petit Sable
Petit Trou
Petit Versailles
Petit Îlet
Petit Îlet Duprey, Dupré Island, Îlet Duprey
Petite Anse, Petite Anse du Diamant, Quartier Petite Anse, Quartier de la Petite Anse
Petite Anse Macabou
Petite Anse des Salines
Petite Caye, Banc Petite Caye
Petite Cocotte
Petite France
Petite Gamelle
Petite Grenade
Petite Lézarde, Quartier Petite Lézarde
Petite Passe du Simon, Little Simon Pass
Petite Pinsonnelle, Little Pinsonnelle Cay
Petite Ravine Touza
Petite Rivière
Petite Rivière Blanche
Petite Rivière Pilote
Petite Rivière Salée, Quartier Petite Rivière Salée
Petite Rivière du Carbet
Petite Rochelle
Petite Savane, Quartier Petite Savane
Petits Fonds
Petits Lézards
Phaéton
Pierre à Bon Dieu
Piton Boucher
Piton Creve-Coeur
Piton Dumauzé
Piton Gelé
Piton Lacroix
Piton Marcel
Piton Mitan
Piton Mont Conil
Piton Pierreux, Pierreux Peak
Piton Plumet
Piton de l'Alma, Piton Alma
Pitons du Carbet, Carbet Peaks
Place d'Armes, Places d'Armes
Placide, Quartier Placide
Plaisable, Quartier Plaisable
Plaisance
Plateau Boucher
Plateau Canessa
Plateau Courbaril
Plateau Didier, Plateau Roy
Plateau Fofo
Plateau Larcher
Plateau Michel
Plateau Perdrix
Plateau Sable
Plateau Tiberge, Quartier Plateau, Quartier Plateau Tiberge
Plateau Tête Balthazar
Plateau de la Concorde
Plateau de la Talante
Plateau des Palmistes
Plateforme, Quartier Plateforme
Pointe Angbœuf
Pointe Athanase
Pointe Baham, Baham Point
Pointe Baignoire
Pointe Banane
Pointe Bateau
Pointe Birot
Pointe Blanche
Pointe Bois d'Inde, Pointe de la Rose
Pointe Bonazaire
Pointe Borgnesse, Borgnesse Point
Pointe Bourgenne
Pointe Boyoca
Pointe Brunel, Pointe Brunet
Pointe Bruntz, Pointe Brunz
Pointe Burgaux, Pointe Bourgaud
Pointe Burgos, Pointe Bourgos
Pointe Cailloux, Cayot Point
Pointe Calebassier
Pointe Camphre
Pointe Canicule
Pointe Canon
Pointe Caracoli
Pointe Catherine, Catherine Point
Pointe Cerisier, Pointe de la Prairie
Pointe Champomont
Pointe Châteaugué, Chateaugué Point
Pointe Coton
Pointe Couchée, Pointe Couché
Pointe Courcher
Pointe Croix Bigot, Pointe La Croix
Pointe Davy
Pointe Desgras
Pointe Ducassous
Pointe Duchaxel
Pointe Dunkerque
Pointe Duplessis
Pointe Dégras
Pointe Espérance
Pointe Faula
Pointe Ferret
Pointe Figuiers, Figuier Point
Pointe Fort, Cotterel Point, Pointe Cotterel, Pointe Cottorel
Pointe Fusette
Pointe Galy
Pointe Gentil
Pointe Giraud
Pointe Granjean, Pointe Grandjean
Pointe Gribouldin, Gribouldin Point
Pointe Guotony
Pointe Hyacinthe, Hyacinthe
Pointe Jacob
Pointe Jacques
Pointe Jean-Claude, Pointe Marces, Pointe Mareés
Pointe La Table
Pointe Lahoussaye, Laoussaye, Pointe la Houssaye
Pointe Lamare, Quartier Pointe La Mare
Pointe Laroche
Pointe Larose
Pointe Lynch, Lynch
Pointe Lézarde
Pointe Macré
Pointe Madeleine
Pointe Marcussy
Pointe Marie-Catherine
Pointe Marignan
Pointe Marin, Marin Point, Pointe du Marin
Pointe Martineau
Pointe Marée
Pointe Maurice
Pointe Melon
Pointe Merle
Pointe Michel
Pointe Pain de Sucre
Pointe Petit Nègre
Pointe Petite Poterie
Pointe Philippeaux
Pointe Pie
Pointe Pimantée, Pimentée Point
Pointe Raisiniers, Pointe Vaisinier
Pointe René
Pointe Roche Cornée
Pointe Rochelle
Pointe Roseau, Pointe Chauve-Souris
Pointe Rouge
Pointe Royale
Pointe Sainte-Catherine
Pointe Sainte-Marthe
Pointe Savane
Pointe Simon, Pointe Beausejour
Pointe Thalémont, Pointe Cigaraille, Pointe Thalamont
Pointe Théogène
Pointe Ténos
Pointe Vatable
Pointe Zombi
Pointe d'Alet
Pointe d'Arlet
Pointe d'Enfer
Pointe de Macouba, Macouba Point
Pointe de Marigot, Marigot Point
Pointe de Massy-Massy
Pointe de Sans-Souci, Pointe Sans-Souci
Pointe de Tartane
Pointe de l'Alignement, Pointe de l'Aliment
Pointe de l'Anse l'Étang, Pointe de l'Étang
Pointe de la Baleine, Baleine Point
Pointe de la Batterie, Pointe Spoultourne
Pointe de la Grande Rivière, Grande Rivière Point
Pointe de la Vierge
Pointe des Carrières, Pointe de la Carrière
Pointe des Chaudières, Pointe Chaudière
Pointe des Grives, Pointe de la Grive
Pointe des Grottes
Pointe des Nègres, Negro Point
Pointe des Pères
Pointe des Sables, Pointe de Sable
Pointe des Salines
Pointe du Bout, La Grosse Pointe
Pointe du Clapotage
Pointe du Diable, Pointe de la Caravelle
Pointe du Diamant
Pointe du Fort
Pointe du Lamentin
Pointe du Marigot
Pointe du Sable Blanc
Pointe du Souffleur, Le Souffleur, Pointe du Soufleur
Pointe du Vauclin, Vauclin Point
Pointe l'Écurie
Pointe l'Étang
Pointe la Mare, La Mare Point
Pointe la Rose, Pointe de la Rose
Pointe les Ebichets
Pointe Étienne
Pointe à Biki, Pointe à Bibi
Pointe à Chaux, Brunet Point, Pointe Brunet
Pointe à Monter
Pointe à Pommes
Poirer
Poirier, Le Poirier, Poiriers, Quartier Poirier, Quartier la Poirier
Pomaré, Quartier Pomaré, Quartier la Pomaré
Pomponne
Pont Rivière Roche, Quartier Rivière Roche
Pont de Chaînes, Quartier Pont de Chaînes
Pontaléry
Port de Fort-de-France
Porte d'Enfer
Poste Colon
Potiche
Poymiro
Presqu'île, Quartier de la Presqu'île
Presqu'île de la Caravelle, Caravelle Peninsula
Propreté, Quartier Propreté, Sainte Claire
Propriété Poulet
Providence
Prébourg
Préfontaine, Quartier Préfontaine
Préville
Puyferrat
Pérette
Périnelle
Pérou, Quartier Pérou
Quamalon
Quartier Abricot
Quartier Anse Azerot
Quartier Bac
Quartier Balata
Quartier Batelière, La Batelière
Quartier Beauregard
Quartier Bedzy
Quartier Bocage
Quartier Béco
Quartier Chapelle, Quartier de la Chapelle, Quartier la Chapelle
Quartier Cocoyer
Quartier Cyrille
Quartier Fond Guillet, Fond Guillet
Quartier Lelubois
Quartier Monsieur
Quartier Morne Covin
Quartier Morne Mignolle
Quartier Morne Piton
Quartier Piton
Quartier Pitons
Quartier Poix Doux Bocage, Quartier Pois Doux Bocage Quartier
Quartier Ravine
Quartier Rivière Monsieur
Quartier Réservoir
Quartier Thalémont
Quartier Vert-Pré
Quartier de l'Ex-voto
Quartier de l'Orangerie
Quartier des Pitons
Quartier du Cimetière
Quartier du Fort
Quartier la Fontaine
Quartier la Félix
Quartiers Anse à l'Âne
Rabat-Joie
Rabuchon, Quartier Rabuchon
Rade de Saint-Pierre, Saint Pierre Harbor, Saint Pierre Roadstead
Rade de Sainte-Marie
Raisin, Quartier le Raisin
Raisinier
Ransay
Rateau
Ravin Charleroy
Ravin Fond Moustique
Ravin Gros Vaisseaux
Ravin Médecin
Ravin Saint-Pierre
Ravin de l'Eau
Ravine Absalon
Ravine Acajou
Ravine Adinet
Ravine Anse Dufour
Ravine Anse Noire
Ravine Anse à l'Âne
Ravine Bac
Ravine Bakaïo
Ravine Balata
Ravine Bambou
Ravine Bambous
Ravine Banane
Ravine Baron
Ravine Beauséjour
Ravine Blanche
Ravine Bochette
Ravine Bois Canon
Ravine Bouc
Ravine Bouillé
Ravine Boué
Ravine Braie
Ravine Bébé
Ravine Bœuf
Ravine Cacao
Ravine Cadoré
Ravine Canari Cassé
Ravine Canelle
Ravine Carole
Ravine Caïmit
Ravine Chaudière
Ravine Chaînes
Ravine Chien
Ravine Choisy
Ravine Châtaignier
Ravine Chéneaux
Ravine Clark
Ravine Colas
Ravine Coralie
Ravine Coulée
Ravine Couresse
Ravine Covi
Ravine Cristal
Ravine Cypre
Ravine Célestine
Ravine Deux Bras
Ravine Deux Sœurs
Ravine Dominique
Ravine Dorzon
Ravine Doux Zéphyr
Ravine Dumaine
Ravine Dupotiche
Ravine Dupuy
Ravine Démare
Ravine Fainéant
Ravine Ferrey
Ravine Figue
Ravine Fond Christophe
Ravine Fonds Manoël
Ravine Fonds Panoël
Ravine Fougainville
Ravine Foyal
Ravine Frigère
Ravine Gaschette
Ravine Germont
Ravine Gommier
Ravine Gragée
Ravine Grand Jean
Ravine Grand-Case
Ravine Grande Anse
Ravine Gribouldin
Ravine Grosse Roche
Ravine Hilette
Ravine Julie
Ravine Lajus
Ravine Lauriers
Ravine Lorrain
Ravine Loucou
Ravine Lucy
Ravine Mabouya
Ravine Madriers
Ravine Mahots
Ravine Malakoff
Ravine Man Roy
Ravine Mansarde Catalogne
Ravine Marie-Alice
Ravine Marie-Luce
Ravine Maudite
Ravine Merle
Ravine Michel
Ravine Miette
Ravine Moreau
Ravine Morne Cabrit
Ravine Mouton
Ravine Mulet
Ravine Médas
Ravine Nicolas
Ravine Noire
Ravine Notre-Dame de Lourdes
Ravine Numa
Ravine Pavée
Ravine Perdrix
Ravine Petit Campêche
Ravine Petit Trou
Ravine Piquante
Ravine Plate
Ravine Pois Doux
Ravine Préville
Ravine Punie
Ravine Pétel
Ravine Ragot
Ravine Rodate
Ravine Roquelaure
Ravine Roussel
Ravine Régis
Ravine Sable
Ravine Saint-Charles
Ravine Saint-François
Ravine Saint-Pierre
Ravine Saut d'Eau
Ravine Suzanne
Ravine Sévère
Ravine Thibault
Ravine Thieubert
Ravine Thoraille
Ravine Touza, Quartier Ravine Touza
Ravine Touzin
Ravine Trou Laurent
Ravine Trou Manuel
Ravine Vilaine, Quartier Ravine Vilaine
Ravine Yannan
Ravine de Fond Sablon
Ravine de Fond Vignol
Ravine de Roches Carrées
Ravine de l'Eau
Ravine de la Charmeuse
Ravine de la Coulée des Bandits
Ravine de la Laugier
Ravine de la Mauny
Ravine des Anguilles
Ravine des Galets
Ravine des Œillets
Ravine du Morne des Cadets
Ravine l'Abbé
Ravine la Caverne
Ravine la Crique
Ravine la Digue
Ravine la Mauny
Ravine la Pirogue
Ravine Écrevisses
Reculée, Quartier Reculé, Quartier Reculée, Reculé
Redoute, La Redoute
Renée, La Renée, Quartier Renée, Quartier la René, Quartier la Renée
Renéville
Reprise
Ressource
Reynoird, Reynaud
Reysert
Richard
Rives Chancel, Rive Chancel
Rivière
Rivière Anse Couleuvre
Rivière Anse Latouche
Rivière Balisier, Rivière du Balisier
Rivière Bambou, Quartier Rivière Bambous
Rivière Bambous
Rivière Beaufort
Rivière Beaupré
Rivière Beauregard
Rivière Beauséjour, Rivière de Beauséjour
Rivière Blanche
Rivière Bleue
Rivière Bois d'Inde
Rivière Bombary
Rivière Boucaud
Rivière Briant
Rivière Bêtes Rouges
Rivière Cacao, Quartier Rivière Cacao
Rivière Cadette
Rivière Calebasse
Rivière Caleçon, Quartier Rivière Caleçon
Rivière Canaris
Rivière Capot, Rivière Grand Capot
Rivière Cara
Rivière Carabin
Rivière Case-Navire
Rivière Case-Pilote
Rivière Charpentier
Rivière Chaude
Rivière Chaudière
Rivière Citron
Rivière Claire
Rivière Clitandre
Rivière Cloche
Rivière Coco
Rivière Concorde
Rivière Corbière
Rivière Corne Cassa
Rivière Coulée
Rivière Coulée d'Or
Rivière Crochemort
Rivière Daniel
Rivière Derivage
Rivière Desroses
Rivière Deux Courants, Les Deux Courants Rivière, Rivière des Deux Courants
Rivière Duclos
Rivière Dumauzé, Rivière Dumozé
Rivière Démarthe
Rivière Ensseau
Rivière Falaise, Rivière Fillasse
Rivière Ferré
Rivière Fond Bellemare, Rivière Fonds Bellemare
Rivière Fond Boucher, Ravine Fonds Boucher
Rivière Fond Bourlet, Fonds Bourlet River, Rivière Fonds Bourlet
Rivière Fond Capot, Rivière Fonds Capot
Rivière Fond Choux
Rivière Fond Clément
Rivière Fond Coulisses
Rivière Fond Lahaye, Fonds Lahaye
Rivière Fond Laillet, Fond Layette, Fonds Layette
Rivière Fond Nigaud
Rivière Fond Zamy
Rivière Fonds Massacre
Rivière François
Rivière Fromager
Rivière Gens Libres
Rivière Girou
Rivière Gommier
Rivière Gondeau
Rivière Goureau
Rivière Grand Fond
Rivière Grande Anse
Rivière Grande Case
Rivière Gressat
Rivière Hackaert
Rivière Julien
Rivière Lagarde, Ravine la Garde
Rivière Léonard
Rivière Lézarde, Rivière Lézarde Un
Rivière Madame
Rivière Madame Esquoia
Rivière Madame Marie
Rivière Madeleine
Rivière Mahault
Rivière Malingre
Rivière Massel
Rivière Massé
Rivière Mastor
Rivière Mathurin
Rivière Mitan
Rivière Moco
Rivière Monique
Rivière Monsieur
Rivière Montrose
Rivière Moquette
Rivière Morestin
Rivière Morne Jacques
Rivière Morne Mouri
Rivière Noire
Rivière Oman
Rivière Paquemar, Rivière de Paquemar, Rivière du Paquemar
Rivière Passage
Rivière Petit Galion
Rivière Petit Nicolas
Rivière Petite Grenade
Rivière Petite Lézarde, La Petite Lézarde Ravine
Rivière Picart
Rivière Picodo
Rivière Pierre
Rivière Pierrot
Rivière Pilote
Rivière Pirogue, Rivière Piroque
Rivière Plateau
Rivière Plet
Rivière Pocquet, Little Capot River, Rivière de la Petite Capot
Rivière Pomme, Quartier Rivière Pomme
Rivière Ponce
Rivière Potiche, Rivière Fond Potiche
Rivière Poymiro
Rivière Propreté
Rivière Prospérité
Rivière Providence
Rivière Père Lafort
Rivière Pétel
Rivière Quatre Carrés
Rivière Quiembon
Rivière Ravine
Rivière Ribodeau
Rivière Robert
Rivière Roche, Ravine la Roche, Rivière la Roche
Rivière Roman
Rivière Romanet
Rivière Rosière
Rivière Rouge, Petite Rivière Rouge, Rivière Pierre Denis, Rivière Rouge Pierre Denis
Rivière Roussane
Rivière Roxelane
Rivière Sahul
Rivière Saint-Jacques
Rivière Saint-James, Rivière du Jardin des Plantes
Rivière Sainte-Marie
Rivière Salée
Rivière Saut
Rivière Sot
Rivière Souter
Rivière Sylvestre
Rivière Sèche
Rivière Tournedos
Rivière Tranchette
Rivière Trenelle
Rivière Trois Bras
Rivière Val d'Or
Rivière Vallon
Rivière Yoyoye
Rivière d'Argent
Rivière de Basse-Pointe
Rivière de Beauregard
Rivière de Beauvallon
Rivière de Bezaudin, Rivière du Bézaudin
Rivière de Macouba, Rivière Macouba
Rivière de Perriolat
Rivière de Sans-Souci
Rivière de l'Anse Céron
Rivière de la Compère
Rivière de la Digue
Rivière de la Pagerie
Rivière de la Pointe la Mare
Rivière des Cacaos
Rivière des Oranges
Rivière des Pitons
Rivière des Pères
Rivière des Écrevisses
Rivière du Carbet
Rivière du Galion, Le Galion Rivière
Rivière du Galion Bras Gommier Percé
Rivière du Galion Bras Verrier
Rivière du Long Pré
Rivière du Longvilliers
Rivière du Lorrain
Rivière du Mouillage, Mouillage River
Rivière du Petit Lorrain
Rivière du Prêcheur
Rivière du Saut
Rivière du Simon
Rivière du Vauclin, Rio Vauclin
Rivière l'Abandon
Rivière l'Or, Quartier la Rivière d'Or, Rivière d'Or
Rivière la Calave
Rivière la Chapelle
Rivière la Corbière
Rivière la Galette
Rivière la Manche, La Rouchy, Rivière la Marche
Rivière la Mare
Rivière la Massy
Rivière la Nau, Rivière de la Nau
Rivière la Salle
Rivière la Saut
Rivière la Vatable
Rivière les Coulisses, Rivière des Coulisses
Rivière les Roches
Rivière Épinette
Rivière-Pilote
Rivière-Salée
Robin
Roche Enchaînée
Rocher Burgaux, Beauregard Rock, Rocher Bourgaut
Rocher Leclerc
Rocher Marie-Thérèse
Rocher Pain de Sucre, Sugarloaf Rock
Rocher Zombis, Zombis Rock
Rocher de la Caravelle, Caravelle, Caravelle Rock, La Caravelle
Rocher du Diamant, Diamond Rock
Roches Carrées, Quartier Roche Carrée, Quartier Roches Carrées
Roches Gales
Roches Genty, Genty Rocks
Rodate
Rodon, Quartier Rodon
Rollin, Quartier Rollin
Rond Piton
Rosalie
Rosière
Roussane
Rousseau, Quartier Rousseau
Rue Lucie
Rue Mulâtres
Rue Paille
Ruisseau de Saint-Jacques
Récif Philippot
Régale, Quartier la Régale
Régale-de-Saint-Esprit
Réserve Naturelle de Morne Larcher
Réserve Naturelle de la Presqu'île de la Caravelle
Réunion
Sabine, Quartier la Sabine
Sagesse
Saingaule
Saint Lucia Channel, Canal de Sainte-Lucie
Saint-Ange
Saint-Aroman, Quartier Saint Aroman, Quartier Saint-Arroman
Saint-Charles
Saint-Christophe
Saint-Domaine
Saint-Esprit
Saint-James
Saint-Joseph
Saint-Laurent
Saint-Maurice, Quartier Saint-Maurice
Saint-Michel
Saint-Pierre
Saint-Pons
Saint-Roch, Quartier Saint-Roche
Saint-Vincent, Quartier Saint-Vincent
Saint-Étienne
Sainte-Anne, Сент-Анн
Sainte-Catherine, Quartier Sainte-Catherine
Sainte-Croix
Sainte-Cécile
Sainte-Luce
Sainte-Marie, Сент-Марі
Sainte-Marthe
Sainte-Philomène
Sainte-Thérèse
Saintonge
Salubre
Sancé
Sans Pareil, Quartier Sans Pareil
Sans-Souci
Sarcelle
Sarrault, Quartier Sarraut, Quartier la Sarraut, Sarraut
Saut Babin
Saut Baissé
Saut Man Noël, Saut Manoël
Saut d'Argis
Savane Anatole
Savane Bel-Air
Savane Bellanger
Savane Bouliki
Savane Cely
Savane Dury
Savane Hubert
Savane Jalousie
Savane Liotier
Savane Morestin
Savane Moulinier
Savane Papa
Savane Pascal
Savane Petit, Quartier Savane Petit
Savane Périnelle
Savane Saint-Cyr
Savane Saint-Jean
Savane Simonet
Savane des Pétrifications
Savane du Potiche
Savane la Pointe
Savane la Source
Savanes de Paquemar
Schoelcher, Burg de Case Navire, La case des Navires
Schœlcher
Semaine, Quartier Semaine
Simon
Simson
Sinaï, Quartier Sinaï
Solitude
Sorhainde
Soudon, Kerfily, Soudon-Kerfily
Source Adrienne
Source Agathe
Source Captée de la Goyave
Source Caraïbe
Source Dugane
Source Gabrielle
Source Idarie
Source Jacques
Source Man Louis
Source Morne Bœuf
Source Pierrot
Source Quimbois
Source Trésor
Source aux Manettes
Source de Frégate
Source de l'Alma
Source des Grottes
Source du Riz
Spoutourne, Spourtourne
Sucrerie, Quartier la Sucrerie
Suffrin
Sygy
Syndic
Sèche San Justan
Séailles, Quartier Séaille, Quartier Séailles, Sérail
Sébastopol
TSF, Quartier de la T. S. F.
Table au Diable
Table du Diable
Tamarins
Tapis Vert
Tartane
Taupinière
Terre Patate
Terre Rouge
Terres Missoré
Terres Sainville
Terreville, Quartier Terreville
Terrier
Thibault
Thomas
Thoraille, Toraille
Thébault
Théolade
Ti Coin
Tivoli
Toknay
Tourtet
Touza, Quartier Touza
Trianon
Trianon Nord
Trianon Sud
Trois Chemins
Trois Rivières
Trou Baille
Trou Cadia
Trou Chien
Trou Cochon
Trou Domingue
Trou Gaoulé
Trou Grec, Quartier Trou Grec
Trou Jacqueline, Cafard Bay
Trou Madame
Trou Mangouste
Trou Matelots
Trou Monnerot
Trou Mulet
Trou Robert
Trou Sardines
Trou Terre, Quartier Trou-Terre
Trou Vent
Trou au Diable
Trou la Guerre
Trouvaillant
Trénelle
Union
Union en Haut
Urion, Quartier Union
Val d'Or
Valatte, Quartier la Valatte, Quartier la Valette
Vapeur
Varvotte
Vatable, La Vatable
Vaudrancourt
Vermeille
Verrier, Quartier Verrier
Vert Pré
Veyssières
Vieille Citerne
Vieille Terre, Quartier Vielle-Terre
Vieux Cacao
Vieux Pont
Vigie
Village Colson
Village de la Poterie
Vivé
Volcart
Volga Plage
Voltaire, Quartier Voltaire
Vâton
Vétiver
Wallon
Wam
Watel
Wittelsbach
Zabeth, Quartier Zabeth, Quartier la Zabeth
Zobeïde
Zone Industrielle Place d'Armes
Zone Industrielle de la Jambette
Zone Industrielle de la Lézarde
Zone Industrielle des Mangles
Zone d'Activités de l'Étang Z'Abricots
Zone d'Aménagement Concerté du Bac
canal de Beauregard ( dit des esclaves)
Étage
Étang des Salines, Saline Lake
Île Petite Grenade, Ilet de la Petite Grenade, Little Grenade Island, Île Pointe Grenade, Îlet Petite Grenade
Îlet Baude
Îlet Burgaux
Îlet Cabrits, Cabrit Island, Îlet Cabri, Îlet Cabrit
Îlet Chancel, Île Chancel, Îlet Ramville
Îlet Chevalier, Îlet Lézard, Îlet Lézards
Îlet Duquesnay
Îlet François-Marie
Îlet Frégate
Îlet Hardy
Îlet Lapin
Îlet Lapins
Îlet Lavigne
Îlet Long
Îlet Madame, Îlet Larose, Îlet de la Rose
Îlet Montganier
Îlet Métrente, Îlet Aubin
Îlet Oscar, Bonchard, Îlet Bouchard
Îlet Pelé
Îlet Percé
Îlet Petit Piton, Grotte Rock, Rocher de la Grotte
Îlet Petit Vincent
Îlet Petite Martinique, Little Martinique
Îlet Ragot, Îlet Duchamp, Îlet de la Grotte
Îlet Rat
Îlet Saint-Aubin
Îlet Sainte-Marie
Îlet Tartane
Îlet Thiérry
Îlet aux Rats, Bats Island, Ilet au Rat
Îlet des Chardons, Îlet Boisseau
Îlet du Céron
Îlet du Galion
Îlet du Trésor
Îlet la Perle, La Perle, Pearl Rock, Perle Rock, Roche Perle
Îlet à Aigrettes
Îlet à Eau, Îlet a l'Eau
Îlet à Ramiers
Îlet à Toiroux, Îlet Poirier, Îlet Tois Roux
Îlets aux Chiens
