Abri Saint-François
Anse de la Banquise
Anse des Albatros
Anse des Glaçons
Anse du Cartographe
Archipel des Crozet, Archipel Crozet, Crozet
Archipel des Kerguelen, Kerguelen
Baie Accessible, Accessible Bay, Zugänglichen-Bai
Baie Américaine, America Bay, American Bay, Baie de l'America
Baie Bailey, Baie Bayley
Baie Bretonne
Baie Chanzy, Bassin du Prince Impérial, Kronprinz Bassin
Baie Charrier
Baie Clémenceau, Muscle Bay
Baie Doumergue, Baie aux Iles, Insel Bai, Islands Bay
Baie Ducheyron
Baie Fermée, Baie des Moules, Mussel Bay
Baie Greenland, Greenland Harbour, Grönland, Port Greenland
Baie Irlandaise, Irish Bay
Baie Keller, Baie Allemande, Deutsche Bai, German Bay
Baie Larose
Baie Norvégienne, Baie Peu Profunde, Flachwasser Bucht, Shoal Water Bay
Baie Phillips, Baie Philippe
Baie Rocheuse, Rocky Bay
Baie Sauvage
Baie d'Audierne, Audierne Bay
Baie d'Orvilliers, Weineck Bay
Baie de Bénodet, Sinistre Bay
Baie de Chimay, Iceberg Bay, Rocky Bay
Baie de Recques, Baie Cumberland, Cumberland Bay
Baie de Rhodes, Baie Rhodes, Rhodes Bay
Baie de l'A-Pic
Baie de l'African, Africa Bay, Baie de l'Afrique
Baie de l'Aurore Australe, Anse de l'Aurore Australe
Baie de l'Eclipse, Eclipse Bay
Baie de l'Observatoire, Beobachtungs-Bucht, Observatory Bay
Baie de l'Oiseau, Christmas Harbor, Weihnachts-Hafen
Baie de la Dauphine, Baie du Portail, Foul Bay, Foul Hawse Bay, Fowl Haven
Baie de la Désolation
Baie de la Grande Gueule
Baie de la Hébé
Baie de la Marne, Bassin de l'Empereur, Kaiser-Bassin
Baie de la Mouche, Sprightly Bay
Baie de la Table, Table Bay
Baie des Astronomes, Astronomer Harbor, Successful Harbour
Baie des Swains, Baie des Bergers, Baie des Cygnes, Swains Bay
Baie du Brise-Lames, Breakwater Bay
Baie du Hillsborough, Hillsborough Bay
Baie du Hopeful, Hopeful Harbor, Port de l'Esperance
Baie du Lapérouse
Baie du Marin, Campinchi Bay
Baie du Mélissas, Melissas Bay
Baie du Noroît, Baie Française, Baie Françoise, Big Elephant Bay
Baie du Pacha, Baie de l'Abondance, Baie du Mâle, Bull Bay
Baie du Petit Caporal, Windy Bay
Bassas da India
Bassin Victoria, Baie Victoria
Bassin de Boulogne
Bassin du Cratère, Crater Lake, Lac Cratère, Le Cratère
Belle-Île
Bois du Chaudron
Cañon des Sourcils Noirs
Couloir Mangin
Cratère Antonelli
Cratère Hébert
Cratère Inférieur
Cratère Supérieur
Cratère de l'Olympe
Cratère en Coeur
Cratères Dumas
Cratères Vénus
Cratére Vulcain
Côte des Galets
Côte des Gorfous Dorés
Côte des Weasels, Côte des Weazels
District des Îles Éparses, Îles Éparses
Dôme Carva
Dôme du Père Gaspard
Europa Island
French Southern and Antarctic Lands, French Antarctica, French Antarctica and Southern Lands, French Southern Indian Ocean Islands, French Southern Territories, French Southern and Antarctic Territories, Southern and Antarctic Territories, TAAF, Terres Australes et Antarctiques Françaises, Terres australes françaises, Terres australes françaises (les), Territoire des Terres Australes et Antarctiques Françaises, Îles Australes, Îles Australes Françaises
Glorioso Islands
Golfe des Baleiniers, Baie des Baleiniers, Bay of Fucus Giganteus, Whalers Bay
Grand Bois
Grande Île
Haut Val d'Entr'Aigues
Juan de Nova Island
L'Amphithéâtre
L'Au-delà
L'Ermite
La Camargue
La Coupole
La Grande Barrière
La Grande Marmite, Cratère Explosif
La Mortadelle
La Porte du Vent
La Pyramide Mexicaine, Pyramide Mexicaine
La Selle Anglaise
La Selle Mexicaine
La Terre-Adélie, Terre-Adélie
La Terrine
La Tour de Pise
La Tête d'Homme, Man's Head
La Tête du Mage
La Vallée Haute
Lac Aglaé
Lac Alicia
Lac Aphrodite
Lac Athéna
Lac Austral
Lac Aval, 4ème Lac, Quatrième Lac
Lac Blanc
Lac Bleu
Lac Bontemps, Fresh Water Lake, Lac d'Eau Douce
Lac Brunehilde
Lac Börgen
Lac Christiane
Lac Chun
Lac Claudine
Lac Doris
Lac Eaton
Lac Eliane
Lac Elsa
Lac Emmy
Lac Euphrosine
Lac Francine
Lac Froid
Lac Gandillot
Lac Hanna
Lac Hervë
Lac Héra
Lac Isou
Lac Jaune
Lac Josette
Lac Koeslin
Lac Lancelot
Lac Margot
Lac Marioz
Lac Marjolaine
Lac Medoc
Lac Mercure
Lac Michèle
Lac Mireille
Lac Nathalie
Lac Nicole
Lac Noir
Lac Parsifal
Lac Perdu
Lac Philippi
Lac Renée
Lac Rochegude
Lac Saturne
Lac Schimper
Lac Sibélius
Lac Suisse
Lac Supérieur, Lac Studer
Lac Thalie
Lac Toulaz
Lac Tristan
Lac Valérie
Lac Vert
Lac Virgule
Lac Yseult
Lac Zizi
Lac d'Argoat
Lac d'Armor
Lac d'Asté
Lac d'Enfer
Lac d'Entr'Aigues
Lac d'Hermance
Lac de Chamonix
Lac de Courmayeur
Lac de Cristal
Lac de Guilvinec
Lac de Jade
Lac de Jougne
Lac de l'Impasse
Lac de l'Écubier
Lac de la Baignoire
Lac de la Besace
Lac de la Botte
Lac de la Brèche
Lac de la Cornue
Lac de la Croix du Sud
Lac de la Déception
Lac de la Fente
Lac de la Malchance
Lac de la Réserve
Lac de la Source
Lac de la Vendéenne
Lac des Deux Îlots
Lac des Fougères
Lac des Jaspes, Lac du Col
Lac des Korrigans, Hoffnungs-see
Lac des Megalestris
Lac des Saumons, 3ème Lac, Troisième Lac
Lac des Skuas
Lac des Sternes
Lac des Trois Cantons
Lac des Trois Enseignes
Lac des Trois Glaciers
Lac des Truites, Deuxième Lac, Zème Lac
Lac du Bouchet
Lac du Cratère
Lac du Louzou
Lac du Présalé
Lac du Sabot
Lac du Tigre
Lac du Val Mort
Lacs Antarès
Lacs Louise
Lacs d'Entremont
Lacs de la Selle
Le Brûlot
Le Camp de César, Palissaden-Berg
Le Capitole
Le Casque
Le Chaudron
Le Château
Le Colosse, Colosseum
Le Cyclope
Le Dôme Rouge, Red Dome, Süd-Dom
Le Fourneau
Le Galiton, Kastell Insel
Le Grand Ballon, Grand Mont Ballon
Le Grand Carré
Le Grand Couloir, Terre Basse
Le Grand Plateau
Le Grand Étang
Le Lubéron
Le Marais
Le Museau de Tanche
Le Pain de Sucre, Pain de Sucre, Sugar Loaf, Zuckerhut-Berg
Le Petit Ballon, Petit Mont Ballon
Le Petit Channer
Le Plateau
Le Pouce, Daumenspitze, Thumb Peak
Le Rhigi
Le Trièdre
Les Bosquets
Les Chausse-Trapes
Les Dames Anglaises
Les Deux Cônes
Les Dombes
Les Hautes Mares
Les Hauts de Hurlevent
Les Marches
Les Ravines
Les Rois Mages
Les Ruches, The Beehives
Les Terres Froides
Les Trois Lacs
Les Trois Ménestrels
Les Trois Vallées, Trois Vallées
Massif Gallieni
Mont Alfred Grandidier, Mont A. Grandidier
Mont Amery
Mont Aramis
Mont Athos
Mont Aubert de la Rue, Mount Aubert de la Rue
Mont Bailey, Mont Bayley
Mont Balthazar
Mont Blanc, Bezold-Dom
Mont Bourges
Mont Branca
Mont Bromley
Mont Brouillard
Mont Calliope
Mont Carbenay
Mont Carels
Mont Carroz
Mont Chaotique
Mont Charles Vélain, Mont Babin, Mont Felix
Mont Chasseneige
Mont Chenu
Mont Courbet, Strauchberg
Mont Crosbie
Mont Crozet
Mont Crozier
Mont Cécille
Mont Daniel Barbier
Mont Docteur Récamier, Mount Doctor Recamier
Mont Double
Mont Doumer
Mont Duclesmeur
Mont Erébus
Mont Evans, Mount Evans
Mont Fauve
Mont Ferguson
Mont Fontaine
Mont Gampert, Mont A. Gampert
Mont Gaspard
Mont Gay-Lussac
Mont Gergovie
Mont Guillaume Grandidier
Mont Haug
Mont Havergal, Fossil Wood Mount, Mount Havergal
Mont Henri Rallier du Baty, Mont Henri, Mont Henri Rallier, Mont Rallier
Mont Hooker, Mount Hooker
Mont Jalu
Mont Lacroix
Mont Levallois
Mont Lieutard
Mont Lyall, Mont du Château
Mont Léon Lutaud, Mont Léon
Mont Mac Lean, Pic Mac Lean
Mont MacCormick, Mount MacCormick, Table Top
Mont Marion-Dufresne, Pic Marion
Mont Melchior
Mont Mermoz
Mont Moseley, Mount Mosely
Mont Muraille
Mont Perdu
Mont Pierre Lejay, Mont du Cirque
Mont Pierre Termier
Mont Pietri
Mont Porthos
Mont Pâris
Mont Pégoud
Mont Rabot
Mont Raymond Rallier du Baty, Mont Raymond
Mont Richard-Foy
Mont Richards, Monts Richards, Mount Richards
Mont Robert Bureau
Mont Ross, Forked Mount, Mont Fourchu, Mount Ross, Pic Enneigé, Snowy Peak
Mont Rouge
Mont Saint-Ours
Mont Sinaï
Mont Tizard, Mount Tizard
Mont Trapèze, Hüttenberg
Mont Uranie
Mont Ventoux
Mont Weineck
Mont Wild
Mont Wyville Thomson, Mont Wywille Thomson, Mount Wyville Thomson
Mont d'Artagnan
Mont d'Auris
Mont d'Humières
Mont de Lans
Mont de Martonne
Mont de Volz
Mont de l'Alidade
Mont de l'Alouette
Mont de l'Aéronavale
Mont de l'Hémicycle, Mont Amiral Humann
Mont de l'Iseran
Mont de la Dives, Dives, La Dive
Mont de la Faille
Mont de la Rabouillère
Mont de la Selle, Saddle Hill
Mont de la Solitude
Mont de la Table Haute
Mont de la Tirelire, La Tirelire
Mont de la Tourmente
Mont de la Valdivia
Mont de la Vigie
Mont des Agates
Mont des Bornes
Mont des Brumes
Mont des Cratères
Mont des Deux Bénitiers
Mont des Fées
Mont des Jaspes
Mont des Lichens
Mont des Lunettes Noires
Mont des Névés
Mont des Quatre Points
Mont des Rafales, Mount des Rafales
Mont des Tempêtes
Mont des Têtes Grises
Mont du Commandant, Mont de Rosily
Mont du Fer à Cheval
Mont du Fernand, Le Fernand
Mont du Filon
Mont du Givre
Mont du Grésil
Mont du Lignite
Mont du Milieu
Mont du Mischief
Mont du Portillon
Mont du Refuge
Mont du Renne
Mont du Signal
Mont du Théodolite, Mont du Théodolithe
Mont du Toit, Dach-Berg
Mont Étienne Peau
Montagnes Vertes
Monts Andrée Aubert de la Rüe
Monts Arides
Monts Duclesmeur
Monts Jules Verne
Monts Mawson
Monts de l'Angle Droit
Monts de la Déroute
Monts des Aviateurs
Monts des Grâces
Petite Île
Plage Demi-Lune, Half-Moon Beach
Plage Jaune, White Ash Bay
Plage Noire, Old Shoe Hole
Plage de la Possession
Plage des Gorfous, Plage des Pingouins
Plage des Lions Marins, Bull Beach, Plage des Macrorhines
Plage des Loups Marins
Plage des Marmites
Plage des Épaves
Plage du Feu de Joie, Bonfire Beach, Plage Feu de Joie
Plage du Peau-Bleue, Blue Skin Beach
Plaine Ampère
Plaine de Dante
Plaine de l'Est
Plaine des Moraines
Plaine des Sarcelles
Plan d'Amont
Plan d'Aval
Plateau Armengaud
Plateau Central, Luyken Plateau-Land, Posadowsky Bergland
Plateau Méjean
Plateau d'Hermance
Plateau de Sauveterre
Plateau des Alouettes
Plateau des Damiers
Plateau des Drumlins
Plateau des Mouettes
Plateau des Sept Laux
Plateau des Tourbières
Plateau du Bouc
Plateau du Vent
Port-Alfred
Port-Christmas
Port-Couvreux, Seelhorst-Hafen
Port-Jeanne d'Arc
Presqu'iîle du Bougainville, Presqu'île des Megalestris
Presqu'le Bouquet de la Grye, Jachmann Halbinsel
Presqu'île Amiral Douglas, Presqu'île de l'Amiral Douglas
Presqu'île Amiral Humann
Presqu'île Carnot, Roon Peninsula
Presqu'île Cumberland
Presqu'île Fanny, Presqu'île de la Table, Table Peninsula, Tafelberg Halbinsel
Presqu'île Gallieni, Pénisule Gallieni
Presqu'île Hoche, Stosch Peninsula
Presqu'île Isabelle
Presqu'île Jeanne d'Arc, Crosbie-Gebirge, Péninsule Joffre
Presqu'île Joffre, Bismarck Peninsula
Presqu'île La Bourdonnais
Presqu'île Rochegude, Mont Rochegude
Presqu'île Weygand
Presqu'île d'Entrecasteaux, Presqu'île du Ben Edra
Presqu'île de la Discovery
Presqu'île de la Société de Géographie
Presqu'île des Lacs
Presqu'île des Lapins Pie
Presqu'île des Pas Perdus
Presqu'île des Phoquiers
Presqu'île des Sauteurs
Presqu'île du Gauss
Presqu'île du Lutrin
Presqu'île du Prince de Galles, Presqu'ile Prince de Galles, Prince of Wales Foreland
Puy Saint-Théodule
Pyramide Branca
Pyramide Noire
Péninsule Courbet, Niedrige Halbinsel, Observations Halbinsel, Presqu'île Amiral Courbet, Presqu'île Courbet, Presqu'île de l'Observatoire
Péninsule Loranchet, Presqu'île Loranchet
Péninsule Rallier du Baty, Presqu'île Rallier du Baty, Péninsule de 1'Amiral, Rallier du Baty
Ronarc'h Presqu'île, Presqu'ile Poincaré, Presqu'île Amiral Ronarc'h, Wyville Thomson Peninsula
Table de Diomède, La Table de Diomède
Table de Thulé
Table de l'Institut
Tables de Vergennes
Terres Rouges
Tromelin Island
Trouée du Vent
Val André
Val Danièle
Val Naumann
Val Perché, Le Val Perché
Val Raide
Val Sinistre
Val Sombre
Val Studer
Val Sénestre
Val Travers
Val d'Aoste
Val d'Auge
Val d'Enfer
Val d'Equerre
Val d'Ossau
Val de Coste Noire
Val de Longue Attente
Val de Rhèmes
Val de l'Etrier
Val de l'Ouest
Val des Entrelacs
Val des Moustaches
Val des Orgues
Val des Pierriers
Val des Rapides
Val des Skuas
Val des Sternes
Val des Trolls
Val du Levant
Val du Retour
Val du Silence
Vallon des Abris, Le Vallon des Abris
Vallée Olsen
Vallée Phonolite
Vallée Ring
Vallée de Larmor
Vallée de l'Acoena
Vallée de l'Octant
Vallée de la Cascade
Vallée de la Mouche
Vallée de la Plage Jaune
Vallée de la Planchette
Vallée del'Abondance
Vallée des Branloires
Vallée des Cavernes
Vallée des Contacts
Vallée des Merveilles
Vallée des Neiges
Vallée des Sables
Vallée des Souilles
Vallée du Casque
Vallée du Charbon
Vallée du Naufrage
Vallée du Podomètre
Vallée du Radioleine
Vallée du Sextant
Vallée du Telluromètre
Vallée du Thermomètre
Volcan du Diable
Île Altazin
Île Amsterdam, Amsterdam, Amsterdam Island, Amsterdan, Nouvelle Amsterdam, Îles Saint-Paul et Amsterdam
Île Archer, Ille Briggs
Île Australia, Carola Insel, Elizabeth Island
Île Bellouard, Îlot Bellouard
Île Bethell, Bethell Island
Île Blakeney, Îlot Blakeney
Île Briand
Île Bryer
Île Clugny, Clugny Island, Clugny Islet, Iles Clugny
Île Colomban
Île Dauphine
Île Europa
Île Foch, Prinz Adalbert Insel
Île Gaby, Ile Juby
Île Glorieuse, Glorieuse
Île Guillou
Île Haute, Vanhöffen Insel
Île Henry, Henry Island, Ilot Henry
Île Heugh
Île Hoskyn
Île Hould
Île Howe, Howe Island
Île Hull
Île Inskip, Îlot Inskip
Île Jean Bart, Ile J. Bart
Île Juan de Nova, Juan de Nova, Saint Christophe
Île Jules
Île Kent Nord, North Kent Island, Outer Kent Island
Île Kent Sud, Kent Island, South Kent Island
Île Kerguelen, Desolation Island, Kerguelen, Kerguelen Island, La grande île de Kerguelen
Île Longue, Long Island
Île Léon Lefèvre
Île MacMurdo, McMurdo Island
Île Marron, Maroon Island, Île Maroon
Île Massar
Île Mayes
Île Murray, Murray Island, Îlot Murray
Île Niñas
Île Noire, Black Island, Schwarze Insel
Île Pender
Île Penn, Penn Island, Îlot Penn
Île Powell
Île Ravelo
Île Richard-Foy
Île Ronde, Ile Mingan, Ile Rondes, Round Island, Îles Rondes
Île Saint-Lanne Gramont, Île Saint Lannes Gramont
Île Saint-Paul, Saint Paul, Saint Paul Island
Île Sibbald, Sibbald Island
Île Soé
Île Stafford
Île Suhm, Suhm Island, Îlot Suhm
Île Sullivan
Île Swire
Île Tromelin, Ile de Sable, Sandy Island, Tromelin
Île Verte, Green Island, Grüne Insel
Île Violette, Île G. Larrazet
Île aux Cochons, Groupe de l'Ouest, Hog Island, Ile au Cochon, Ile des Porcs, Ile du Cochon, Ilot du Cochon, L'île aux Cochons, Îles des Porcs
Île aux Moules, Mussel Island, Île Massel
Île aux Prions
Île aux Skuas, Raven Island, Ravens Island, Île du Corbeau
Île de Castries
Île de Croy, Croy Island
Île de l'Antarès, Long Island, Îlot de l'Antarès
Île de l'Est, Aride Island, East Island, Ile Orientale, Île Aride, Île Chabrol
Île de l'Ouest, Ouest Island, Saddle Island, West Island, Île de l'Quest
Île de la Carmen, Carmen Island
Île de la Francès
Île de la Possession, Possession Island, Prise de Possession Island, Île Possession, Île de la Prise de Possession, Île du Roi Charles
Île des Pingouins, Isle of Pingouins, Penguin Island, Île Française, Île Inaccessible, Îles des Pingouins
Île du Bélier, Île Guyot
Île du Canard, Duck Island
Île du Chat, Cat Island, Katzen Insel
Île du Château
Île du Cimetière, Grab Island, Grave Island, Île Tombeau, Îlot du Cimetière
Île du Commandant Loranchet
Île du Lys, Ile du Lise, Le Lys
Île du Port, Harbour Island
Île du Roland, Roland Island, Île Roland
Île du Veau Marin, Robben Inseln, Seal Islands, Île Seal
Îles Borda, Börgen Inseln
Îles Crozet, Crozet Islands
Îles Davis, Cores Rocks, Davis Islets
Îles Dayman, Dayman Islands
Îles Francis
Îles Glorieuses, Glorieuses Islands
Îles Kerguelen, Desolation Islands, Kerguelen Islands
Îles Leygues, Iles Swain, Swain Islands
Îles Normandes
Îles Nuageuses, Cloudy Islands
Îles Saint-Paul et Nouvelle-Amsterdam, Saint-Paul-et-Amsterdam
Îles d'Après
Îles de Boynes, Benodet Islands, Benodet Islets, Îles Bénodet, Îlots de Boynes
Îles de Ternay
Îles de la Fortune, Fortune Islands
Îles du Passage
Îles du Prince de Monaco
Îles Éparses de l'océan Indien, Îles Éparses, Îles Éparses or Îles éparses de l'océan indien
Îlot Anezin
Îlot Bas, Low Islet, Niedrige Insel, Île Basse
Îlot Baudin
Îlot Berland, Île Berland
Îlot Boyle
Îlot Buchanan, Buchanan Island, Ile Buchanan, Shag Rock
Îlot Camille
Îlot Channer, Roche Channer, Île Channer
Îlot Cézembre, Cezembre Islet, Îlot Césembre
Îlot Douguet
Îlot Futifu
Îlot Gras
Îlot Greak, Île Greak
Îlot Guibon
Îlot Guérite, Ile Guerite, Sentry Box Island
Îlot Hynes, Haynes Islet, Îlot Haynes
Îlot Labernede
Îlot Laboureur
Îlot Langue, Tongue Island
Îlot Lolette, Hourglass Island
Îlot Madec, Île Madec
Îlot Malou
Îlot Mierry
Îlot Moallic
Îlot Moilimou Bedja, Îlot Bedja
Îlot Nord, Ilot du Nord, North Islet
Îlot Py
Îlot Rio
Îlot Saint-Salvy
Îlot Sharbau, Îlot Scharbau
Îlot Stoll, Marie Insel
Îlot Vedette
Îlot aux Choux
Îlot des Cormorans
Îlot du Chaton, Ile Nord, North Island, Île du Nord
Îlot du Cran de Mire
Îlot du Rendez-vous, Bligh's Cap, Ile de Réunion, Point de Reconnaissance, Île l'Oiseau
Îlots Abbott, Abbot Islet, Île Abbot, Îlots Abbot
Îlots Bobzien
Îlots Cagne, Green Island
Îlots Cancale, Cancale Islets
Îlots Carrington
Îlots Dimsey
Îlots Dumet
Îlots Françoise
Îlots Gibson
Îlots Hallett, Hallett Islands, Îlots Hallet
Îlots Howlett
Îlots Héloïse
Îlots Joubin
Îlots Jumeaux
Îlots Kent, Brisants Kent, Iles Kent, Kent Islands
Îlots Kernabat, Îles Kernabat
Îlots Max Christensen, Îles Max Christensen
Îlots Saint-Salvy
Îlots Simone
Îlots de Glénan
Îlots de la Souris, Mouse Island, Île Souris
Îlots des Apôtres, Apostles Island, Douze Apôtres, Les Apôtres, Les Sauvages, The Apostles, Îles des Apôtres
Îlots du Challenger, Challenger Islands, Rhodes Group, Rittmeyer Islands, Îles de l'Eure
