Acherítou, Aharida, Aharitu, Ahiritu, Akhyritou, Ağratur, Aşeritu, Güvercinlik, Kouverjinlik, Αχερίτου
Achéleia, Akheilia, Akhelia, Aşelya
Agrokipiá, Ağrocipya
Agrídia, Agridhia, Ağridya, Ağritya
Agrós, Ağro
Agía Eiríni, Akdeniz, Ayairini, Ayia Irini, Ayia Irmi, Ayirini, Irmi
Agía Marinoúda, Ayia Marinoudha, Ayia Marinuda, Aymarinuda, Marinoudha, Αγία Μαρινούδα
Agía Varvára, Ayia Varvara, Ayvarvara, Ayvaryara, Engindere or Ayvarvara
Agía Ánna, Agia Anna Cyprus, Akhisar, Ayanna, Ayia Anna
Akapnoú, Akapnu, Ακαπνού
Akoursós, Akarsu, Akourso, Akurso, Ακουρσός
Akroúnta, Akrounda, Akrunda, Akrunta, Ακρούντα
Akáki, Akaca, Akácha
Alaminós, Alamino, Alaminya, Alaminyo
Alethrikó, Alethrikon, Aletirke, Aletrike, Aletriko
Alithinoú, Alitinu, Αληθινού
Alámpra, Alambra
Aléktora, Alehtora, Alekhtora, Gökağaç
Amargéti, Amarget, Amargheti, Amargot, Amarketi
Anadioú, Anadhiou, Anadhiu, Anadyu, Anatyu, Görmeli, Αναδιού
Anafotída, Akkor, Anafodiya, Anafotia, Anaphotia
Analióntas, Analionda, Analiondas, Analjondas, Analyonda
Anaríta, Anarida, Anaryta
Anógyra, Anoyira, Anoyra, Taşlica
Apesiá, Abeşa, Abosha, Apaisia, Apesha, Apeşa, Apœsia
Aplíki, Aliçlar, Alıçler, Apliç
Apsioú, Apsiu, Apsou, Apşu, Kato Aspiou, Pano Aspiou, Αψιού
Aradíppou, Aradhippou, Aradip, Aradippu, Αραδίππου
Arakapás, Arakaba, Arakapa
Aredioú, Aradhiou, Aradiou, Aradyu, Aratyu, Aredhiou, Arediu, Aredyu, Αρεδιού
Argáka, Argaca, Arkaka
Armenokhori, Armenehor, Armenochori, Armenohor, Armenohori, Bulgurlu, Esenköy
Armínou, Arminu, Αρμίνου
Asgáta, Azgata
Askás, Aska
Asprogiá, Aktepe, Asproya, Asproyia
Astromerítis, Astromerit, Astromeriti, Astromeritia
Asómatos, Asomados, Asomalos, Asomato, Gözügüzel, Özhan
Athíenou, Athiænou, Atienu, Atiyenu, Kiracıköy, Αθίενου
Avdelleró, Avdeler, Avdeleró, Avdhellero, Avdhelleron
Avdímou, Düzkaya, Evdhimou, Evdhimu, Evdim, Αυδήμου
Avgórou, Avghorou, Avgora, Avgoro, Avgoru, Αυγόρου
Axýlou, Aksilou, Aksilu, Aksu, Aksulu, Αξύλου
Ayia Napa, Aya Napa, Aynapa
Chandriá, Handri, Handriya, Kandriya, Khandria
Chlórakas, Chloraka, Hiloraka, Hloraka, Khlorakas, Klorakas
Choirokoitía, Hirokitiya, Khirokitia, Skoritya, Şirokitkya
Cholétria, Holetria, Kholetria, New Site of Kholetria
Choúlou, Hulu, Khoulou, Χούλου
Chrysochou, Χρυσοχού
Derýneia, Derinia, Derinköy, Derinya, Derynia, Dherinia, Yukarı Derinya
Dhromolaxia, Dromolaksia, Dromolaxia, Mor Menekshe, Mormenekşe
Dhrousha, Δρούσια
Dhrymou, Δρύμου
Dieróna, Dhierona, Diyerona
Dorá, Dhor, Dhora
Dorós, Dhoros
Dáli, Dhali, Idalion
Déneia, Denya, Dhenia
Dýmes, Dhymes, Dhymæs, Dhymœs, Dime, Dimes
Eledio
Emba, Empa
Episkopeió, Episkopeion, Episkopio, Episkopion, Episkopyo
Eptagóneia, Eftagonya, Ephtagonia, Eptagonia, Eptagonya
Ergátes, Argadez, Argates, Argatœs, Argátaes
Erími
Evrétou, Ευρέτου
Evrýchou, Evrih, Evrihu, Evrykhou, Ευρύχου
Famagusta, Ammochostus, Ammokhostos, Ammóchostos, Gazi Magosa, Gazimağusa, Magosa, Mağusa
Fikárdou, Figardu, Fikardu, Phikardhos, Phikardhou, Phykardou, Φικάρδου
Foinikária, Finikari, Finikaria, Finikarya, Phinikaria
Foiní, Fini, Phini
Frénaros, Frenaro, Frennaros, Phrenaros
Fterikoúdi, Fterikudi, Phterikhoudhi, Phterikoudhi, Phterykoudi, Φτερικούδι
Fáleia, Falia, Falya, Gökçebel, Phalia
Fýti, Fidi, Fiti, Phiti, Phýti
Galáta
Gerakiés, Yeraces, Yerakies, Yerakiæs, Yerakiœs
Geroskipou, Geroskipou Municipality, Δήμος Γεροσκήπου
Gerása, Yerasa
Gialiá, Yialia
Giólou, Γιόλου
Goudi, Γουδί
Goúrri, Guri, Gurri, Yourri, Γούρρη
Géri, Yeri
Inia, Ίνεια
Kakopetriá, Kakopetriya
Kalavasos, Kalavaso, Kalavason
Kaliána, Kalyana
Kallepia, Καλλέπεια
Kalopanagiótis, Kalapanayot, Kalopanayiotis, Kalopanayot
Kaminária, Kaminara, Kaminarga, Kaminarka, Kaminarya, Kominarga
Kampiá, Gambya, Kambia, Kambiya, Kambya
Kampos, Kambo, Kambos
Kampí, Kambi, Kambi Pharmaka
Kannavioú, Κανναβιού
Kannávia, Kannavya
Kantoú, Dönemeç, Kandou, Kandu, Çanakkale, Καντού
Kapileió, Kapileion, Kapilio, Kapilion, Kapilyo
Karamoullides, Καραμούλληδες
Kathikas
Kato Akourdhalia, Kato Akourdalia, Κάτω Ακουρδάλια
Kato Arodes
Kato Drys, Drys, Kato Dhrys, Katodris, Kotodori
Kato Léfkara, Aşağı Lefkara, Κάτω Λεύκαρα
Kedares
Kelliá, Ağılbaşı, Celya, Yıldırım
Kelláki, Cellaci
Kelokedara
Kidasi
Kilinia, Κοιλίνια
Kinousa, Κινούσα
Kissonerga
Kissoúsa, Cissusa, Kissusa, Kisusa, Κισσούσα
Kivisíli, Cevizdali, Cevizli, Cevriğil, Civisil, Kivisil
Klavdiá, Alaniçi, Klavdhia, Klâvya, Κλαυδιά
Klonári
Klírou, Kliru, Κλήρου
Kofínou, Bakraçli, Geçitkale, Kato Kophinou, Kofinu, Kophino, Kophinou, Köfünye, Pano Kophinou, Páno Kophína, Κοφίνου
Koilani, Ceylan, Cilan, Gilani, Gilân, Kilani
Kokkinotrimithiá, Kokkini Trimithia, Kokkinotrimitya, Kokıno Trımıthıa, Koçinodrimitya, Koççinno-Trimitya, Koççinotrimitya
Koloni, Yolüstü
Kolossi, Burçiu, Burçlu, Kolos, Yunus
Konia
Korfí, Gorfi, Korphi, Yeni Korfi
Korákou, Koraku, Koralou, Κοράκου
Kotsiatis, Kochati, Kotchati, Koçyatağı, Koççat
Kouká, Kuka, Κουκά
Kourtaka, Κούρτακα
Koíli
Koúklia, Kukla, Köklü, Köprü, Köprülü, Palea Paphos, Palæa Paphos, Κούκλια
Kritou Marottou, Κρήτου Μαρόττου
Kritou Terra, Κρήτου Τέρρα
Kyperoúnta, Ciperunda, Kiperunda, Kyperounda, Κυπερούντα
Kyrenia, Girne, Keryneia, Kérynia
Káto Amíantos, Amiandos, Aşağı Amyanto, Kato Amiandos, Kato Amiyando
Káto Defterá, Aşağı Deftera, Deftera, Dheftera, Kato Dheftera, Κάτω Δευτερά
Káto Flásou, Aşağıflaso, Flasou, Flâsu, Kato Flasu, Kato Phlasou, Káto Vláso, Phlasou, Vlaso, Κάτω Φλάσου
Káto Moní, Kat Morı
Káto Mýlos, Aşağı Mylos, Kato Milo, Kato Milos, Mylos
Káto Plátres, Aşağı Platres, Káto Plátræs
Káto Pýrgos, Aşağı Pirgo, Kato Pirgo
Kíti, Kiti Cyprus, Kition, Çite
Kórnos, Khorno, Korno
Lagouderá, Lagoudhera, Lagudera, Λαγουδερά
Larnaca, Chittim, Citium, Kition, Kitium, Kittim, Kozan, Lapithou, Larnaka, Salina, Salines
Lasa
Lazaniás, Lazania, Lazanya
Lefkónoiko, Aksaray, Geçitkale, Lefkoniko, Lefkonikon, Lefkonuk, Λευκόνοικο
Lempa
Lemíthou, Lemithu, Lemitu, Λεμίθου
Lemóna
Leonárisso, Leonariso, Ziamet, Ziyamet
Letymvou, Λετύμπου
Limassol, Lemessus, Lemesós, Leymosun, Limasol
Limnátis, Limnat, Linnatis
Linoú, Linu, Ληνού
Liopétri, Leopetra, Liyopetri
Livádia, Leivadia, Livadhia, Livadya, Livatia, Livatya, Sazlıköy
Loukrounou, Λουκρούνου
Louvarás, Louvara, Luvara, Λουβαράς
Lythrodóntas, Litrodonda, Litrodontas, Litronda, Lythrodhonda, Lythrodhondas, Lythrodonda
Lágeia, Laya, Layia, Λάγια
Láneia, Lania, Lanya
Lápithos, Gilderen, Gildirin, Lapitos, Lapta
Léfka, Lefke, Lefke-Karadağ, Λεύκα
Lófou, Lof, Lofos, Lofu, Lophos, Λόφου
Lýmpia, Limbia, Limbya, Limya, Lymbia, Olympia
Makoúnta, Bakacak, Magounda, Magunda, Yakacık, Μακούντα
Maliá, Bağlarbaşı, Koyuniu, Koyunlu, Mallia, Malya
Mamoúntali, Mamoundali, Mamundali, Soğucak, Μαμούνταλη
Mamónia, Mamonya
Marathoúnta, Marathounda, Maratunda, Maratunya, Μαραθούντα
Margí, Küçükköy, Marki, Oğlakli
Marí, Tatli Sou, Tatlısu
Maróni
Mathikolóni, Madikoloni, Matikoloni
Mathiátis, Madyat, Mathiati, Matiatis, Matyat
Mazotós, Mazoto
Meládeia, Malatya, Meladhia, Melatya, Melâdya
Melíni
Meneou, Meneu, Menevi, Μενεού
Menógeia, Mennogeia, Mennoya, Menoya, Menoyia, Ötüken
Mesa Chorio
Mesógi, Mesoyi
Milioú, Milyu, Μηλιού
Miliá, Milea, Milia Paphos, Milya, Mylea, Yıldırım
Mitseró, Mitseron
Monagroúlli, Monagrulli, Μοναγρούλλι
Moni
Moniátis, Elmalı, Moniat, Monyat
Monágri
Mosfilotí, Mosphiloti
Moutoullás, Mudulla, Mutulla, Μουτουλλάς
Mouttagiáka, Moutayaka, Moutayiaka, Mutayaka, Muthiyaka, Mutlayaka, Mutluyaka, Muttayaka, Μουτταγιάκα
Mylikoúri, Miligur, Milikouri, Milikuri, Μυλικούρι
Mámmari
Méniko, Menikon
Mésana
Mórfou, Güzelköy, Güzelyurt, Morphou, Omorfo, Μόρφου
Natá, Taşlıca
Nicosia, Lefkosía, Lefkoşa, Nicosia (Lefkosia), Λευκωσία
Nikitári, Nicidari, Nicitar
Nikókleia, Nikokla, Nikoklia, Nikoklo, Nikolia
Néa Dímmata, Nea Dhimmata, Nea Dimmatya
Odoú, Odhou, Odu, Οδού
Oroúnta, Kato Mom, Orounda, Orunda, Ορούντα
Orá, Ora Cyprus
Oíkos, Ikos, Niko, Nikos, Ockos
Pachýammos, Pahiammos, Pakhy Amjnos, Pakhyammos, Pakký Ammos, Paçiammo, Paşiammo
Palaiómylos, Eskielma, Paleomilo, Paleomylos, Palyomilo, Palæomylos
Palodeia, Palodhia, Palodiya, Palodya
Pano Panagia
Paphos, Baf, Gazibaf, Nea Paphos, Néa Páfos, Páfos
Paralímni, Paralim
Paramýtha, Paramiha, Paramita, Paramitha
Parekklisha, Parekklisia, Pareklisha, Pareklişa
Pedoulás, Pedhoulas, Pedula, Πεδουλάς
Pelathoúsa, Karaağaç, Pelathusa, Pelatusa, Πελαθούσα
Peléndri, Belendri, Pelendria
Pentaliá, Pendalia, Pendalya, Pendelya
Peristeróna, Alaniçi, Piyi Peristerona, Περιστερώνα Χρυσοχούς
Perivólia, Bahçalar, Bahçeler, Bervolya, Perivolia tou Tricomou, Perivolia tou Trikomou, Perivolya, Pervolya Trikomu, Tricomo Bahceler
Philousa Kelokedharon, Φιλούσα, Φιλούσα Κελοκεδάρων
Philousa Khrysokhous, Φιλούσα, Φιλούσα Χρυσοχούς
Pigénia, Pienia, Pigænia, Piyenia, Piğenya
Pissoúri, Pissuri, Πισσούρι
Platanistása, Pladanistasa, Platanistassa
Platanísteia, Plataniskia, Platanisya, Plâdanisya, Çamlıca
Politikó, Politikio, Politikón
Polémi, Polem
Polýstypos, Polistipos, Polystipos
Pomós, Pomo
Potamioú, Bodamyu, Potamyu, Ποταμιού
Potamiá, Bodamya, Dereliköy, Potamya
Potamítissa
Potámi, Dereler
Praitóri, Pretori, Prætori
Protaras
Pródromos, Prodhromos, Prodromo
Psathi
Psematisménos, Psematismeno, Psematizmeno, Yalancı köy
Psevdás, Pseftas, Psevda, Psevdhas, Ψευδάς
Psimolofou, Psomolafa, Psomolof, Psomolopho, Psomolophou, Somolof, Ψιμολόφου
Pyrgos
Páchna, Pahna, Pakhna
Páno Akourdáleia, Pano Akourdhalia, Pano Akourdália, Pano Akurdalya, Πάνω Ακουρδάλεια, Πάνω Ακουρδάλια
Páno Amíantos, Pano Amiandos, Pano Amiyando, Yukarı Amyanto
Páno Archimandríta, Arkhimandrita, Pano Arhimandrita, Pano Arkhimandrita, Yukarı Arhimandrita
Páno Aródes, Pano Arodhes, Yukarı Arodez, Yukarı Kalkanlı
Páno Defterá, Defterá Pano, Pano Dheftera, Yukarı Deftera, Πάνω Δευτερά
Páno Flásou, Flasou, Flâsu, Pano Flasu, Pano Phlasou, Phlasou, Páno Vláso, Vlaso, Yukarı Flasa, Πάνω Φλάσου, Φλάσου
Páno Kivídes, Alsandık, Kividhes, Pano Civiya, Pano Kividhes, Yukarı Alsandık
Páno Léfkara, Lefkara, Yukarı Lefkara, Πάνω Λεύκαρα
Páno Plátres, Platres, Páno Plátræs, Yukarı Platres
Páno Polemídia, Pano Polemidhia, Pano Polemidya, Polemidia, Yukarı Binatlı, Yukarı Polemitya
Páno Pýrgos
Pégeia, Peya, Peyia, Δήμος Πέγειας
Péra
Pérgamos, Beyarmudu, Pergama
Pólis, Poli, Polis Chrysochous, Polis Cyprus, Δήμος Πόλεως Χρυσοχούς, Πόλη Χρυσοχούς
Pýla, Pila, Pile
Rizokárpaso, Dipkarpas, Dipkarpaz, Dipkurpaz, Rizokarpason, Rizokarpasso
Salamioú, Salamiu, Salamyu, Σαλαμιού
Sanída, Sanidha, Sanidka
Saránti, Sarandi
Silíkou, Silifke, Siligu, Siliku, Σιλίκου
Siá, Sha, Şa
Skarínou, Ortakonak, Skarino, Skarinu, Σκαρίνου
Skoúlli, Skulli, Σκούλλη
Softádes, Düzova, Softalar, Sophtadhes
Sotíra
Spitáli, Spitalli, İspitali
Spília, Spilya, İspilya
Statós-Ágios Fótios, Stato-Ayfoti, Statos and Ayios Photios
Stavrokónnou, Aydoğan, Stavrokonno, Stavrokono, Σταυροκόννου
Stení
Stroumpí, Stroumbi, Strumbi, İstrumbi, Στρουμπί
Stróvolos, Strovilo, Strovolo, İstrovolos, İstrovulo
Sykópetra, Sikopetra
Símou, Simu, Σίμου
Tersefánou, Tersefan, Tersephanou, Tersofanu, Τερσεφάνου
Theletra
Tochni, Dohni, Taşkent
Trachypédoula, Trahipedula, Trakhypedhoula, Trakhypedoula, Trasipeyula, Τραχυπέδουλα
Treís Eliés, Tris Elies, Tris Eliæs, Triselyes, Üçzeytinler
Trimíklini, Trimiklin, Trimiklina
Troúlloi, Troulli, Trulli, Τρούλλοι
Tríkomo, İskele
Tsakístra, Chakistra, Çakistra
Tsáda, Isada, Tsadha, Çada
Tséri, Bilen, Seri, Xeri
Tála, Dalâ, Tala Cyprus
Tími, Dimi, Ovalık
Vavatsiniá, Vavatsinya
Voróklini, Oroklini, Vorglini, Voroglini
Vouní, Gökhan, Vuni, Βουνί
Vyzakiá, Visakia, Vizaca, Vizacia, Vizakia, Vizakya
Vávla
Xyliátos, Ksiliatos, Ksilyado, Ksilyato, Xyliato, Xyliatou
Xylofágou, Ksilofago, Ksilofagu, Ksilofogo, Xylophaghou, Xylophago, Xylophagou, Ξυλοφάγου
Xylotymbou, Ksilodimbo, Ksilodimbu, Ksilotimbu, Xylotymbo, Xylotymvou, Ξυλοτύμβου
Zoopigí, Zoobiyí, Zoopiyi
Zýgi, Terazi, Ziyi, Zyyi
Áchna, Ahna, Akhna, Athna, Düzce
Ágios Amvrósios, Ayamvrasiyo, Ayamvrosio, Ayia Grosh, Ayios Amvrosios, Ayios Evrosis, Aykuruş, Esentepe, Saint Amvrosios
Ágios Dimitrianós, Aydimitrino, Aydimitriyano, Ayios Dhimitrianos, Saint Dhimitrianos
Ágios Dimítrios, Aydimitri, Ayios Dhimitrios, Ayios Dimitrios
Ágios Isídoros, Ayios Isidhoros, Aysederos, Aysidero, Demirci
Ágios Konstantínos, Ay Kostantino, Ayios Konstantinos, Aykonstandino, Saint Konstantinos
Ágios Mámas, Ayios Mamas, Aymama, Saint Mamos
Ágios Pávlos, Ay Pavlo, Άγιος Παύλος
Ágios Sozómenos, Arpalık, Ayios Sozomenos, Aysezomeno, Aysozomeno, Saint Sozomenos
Ágios Therápon, Ayios Therapon, Ayterap, Ayterapon, Saint Therapon
Ágios Thomás, Ayios Thomas, Aytuma, Mersinli, Yalıktaş
Ágios Týchon, Ayandihona, Ayios Tihonos, Ayios Tykhonas, Ayithona
Álassa, Alasa, Halasa, Halassa, Kalassa, Khalassa
Álona
Ármou, Armu, Άρμου
Ómodos, Omodhos
Ýpsonas, Ipsonas, İpsona
