'Ibrī, عبري
Adam, أدم
Al Buraymī, Baraimi, Bireimi, Buraimi, Burami, البريمي
Al Khābūrah, Al Khābūra, Al-Khabourah, Khabura, Khābūrah, Khābūrat Yanqul, Yanqal, الخابورة
Al Qabīl, Al Qubayyil, Gabil, Qabil, Qābil al Hirth, القابل, القبيل
As Suwayq, As Suwaiq, Suwaik, Suwayq, السويق
Badīyah, Badiya
Bahlā', Bahlah, بهلاء
Bawshar, Baushar, بوشر
Bidbid, بدبد
Dib Dibba, Dibba Dib, Dibā Dib'
Haymā', Haima, هيما
Ibrā', Bira, Sufālat Ibrā', إبراء
Izkī, Azkī, Ziki, إزكي
Khasab, Al Khasal, Al Khaşab, خصب, خصب، عمان, ولاية خصب
Liwá, Al Liwā', لوى, Ḩillat al Ḩisn
Madḩā' al Jadīdah, Madha, Madḩah, مدحاء الجديدة
Muscat, Mascat, Maskat, Masqaţ, Masquat, مسقط, مسقط، عمان
Nizwá, Nazwah, نزوى
Oman Smart Future City
Rustaq, Ar Rustāq, Qal'at Kasrá, Rostak, الرستاق
Seeb, Al-Sīb, As Seeb al Jadidah, As Sīb al Jadīdah, Sib, السيب, السيب الجديدة, السیب
Shināş, Al Shinas, Ash Shinās, شناص
Sohar, Al Sohar, Aş Şuḩār, Şuḩār, صحار, ولاية صحار
Sufālat Samā'il, Sifālat Samāil
Sur, صور, صور، عمان, ولاية صور
Yanqul, ينقل
Şalālah, As Salala, Aş Şalālah, Salala, Āl Kathīr, صلالة
Şaḩam, As Şaham, Saham Town, Sahb, Şaḩm, صحم
