Abacou
Abeille
Abitasyon
Aboni
Abord
Abraham
Abricot, Abicot
Abricots, Abriko, Commune des Abricots
Abrio
Acabouille
Acacia
Acajou
Acelin
Achien
Achille
Acul Basse Terre
Acul Connu
Acul Dipson
Acul Samedi
Acul des Pins
Acul des Savannes
Acul du Nord, Akil di Nò, Commune de l'Acul du Nord
Adam
Adelin
Adieu au Monde, Adiomoune
Adino
Adjoux
Adonis
Agard, Agar
Agathe
Aguahedionde
Aguamite, Laguamite
Aidon
Aimable
Alantrara
Alazar
Albert Derina
Albèrie, Albery
Alegre
Aleman
Alhadère
Ali
Allaïe
Altary
Altian
Amandier
Ambroise
Amerry
Amuscat, Anuscat
Anacius
Anadi
Anadère
Anais
Ananas
Anba Lenbe, Bas Limbé, Commune du Bas Limbé
Ancelin
Andremise
André, Andro
André Libre
Anger, Ange
Angibeau
Anglade
Anglais
Angot
Anne, Corail Anna
Anneau
Annette
Annivert, Annivain
Anoter
Anse Canot
Anse Joseph
Anse Louis
Anse Mapay
Anse Robert
Anse Rouge, Answouj, Commune de l'Anse Rouge, Ville de l'Anse Rouge
Anse d'Azur, Anse à Cochon
Anse d'Hainault, Ansdeno, Commune d'Anse d'Hainault, Ville de Anse d'Hainault
Anse du Clerc
Anse du Nord
Anse du Trésor
Anse à Chat
Anse à Cochons, Anse à Cochon
Anse à Galets, Ansagalè, Anse à Galet, Commune de l'Anse à Galets
Anse à Joseph
Anse à Maçon, Cayemites
Anse à Pirogue
Anse à Proux
Anse-à-Foleur, Ville de Anse à Foleur
Anse-à-Pitre, Anse Pitres, Anses à Pitre, Anses-a-Pîtres
Anse-à-Veau, Ville de Anse à Veau
Anselin
Antage
Antoine
Apollon
Appolion
Aquier
Aquin, Aken, Commune d'Aquin
Arboite
Arcadien
Arcahaie, Akayè, Arcahaie Arrondissement, Archaie, Arrondissement dArcahaie, Arrondissement de l'Arcahaie, Commune de l'Arcahaie, L'Arcahaie, Lakayè, Ville de l'Arcahaie
Archin
Areguy
Arena
Argan
Argent
Aria
Aricourt
Armand
Arnaud, Ano
Arnauld
Arniquet, Anikè, Commune d'Arniquet
Arnold
Arnoux
Artaud
Astraile
Astrie
Atelcoup
Atraile
Atrelle
Attis
Au Bery
Au Cadet
Au Centre
Au Codot
Au Fouk
Au Large
Au Parc, Baie du Parc, Park Bay
Au Pig
Au Saut
Au Silence
Au Source Nord
Au Source Sud
Au Tuf
Aubain
Aubeque
Aubert
Aubile
Aubin, Plaine Aubin
Aubry
Audate
Auditon
Audouin
Auguste
Aumond, Aumont
Austin
Aux Bagues
Aux Figuiers
Aux Palmistes
Aux Pièges
Aux Plumettes
Aux Ravines
Avocar
Avocat
Avocats
Avon
Avoyée
Avril
Azoi
Azor
Babe
Babin
Babino
Baboquette
Bac Bois, Rac Bois
Bac d'Aquin, Carrefour Daquin, Daquin, Petite Bac D'Aquin
Bac à Soude
Bacannan
Bacardère d'Lom
Bachelier
Bachette
Bacillier, Bacilier, Bracilier
Baconnois
Badaud
Badeau
Baden
Bader
Badette
Badin
Bado, Badot
Badon Marchand
Bagro
Baguette
Baguidy
Bahon, Bawon, Bohon, Commune de Bahon
Bahoruco
Baie Bouvard
Baie d'Orange
Baie de Henne, Baie de Haine, Be de Èn, Commune de Baie de Henne, Henne, Henne Bay
Bail
Baille, Baillo
Baille Tourrible
Bailly
Bainet, Benè, Commune de Bainet
Baiseur
Baja
Bajardeau
Bajaux
Balai
Balai Rasé
Balais
Balan
Balandier
Balandrie
Balangnin
Balanier
Balantier
Balatier
Balbas
Baliane
Baliares
Balice, Ballis
Balifoudray
Balisaille, Batisaille
Balissage
Balix
Balizier
Ballade
Balliote
Ballon
Balotte
Balou
Balthazar, Baltazar
Bambi
Bambou, Babou
Bambou Ligros
Bambou Rigaud
Bambou la Selle
Bamby
Banane, Bananne
Bananier
Bananier Colas
Bangouinyote
Bangoule
Banique
Banlieu
Banne Roche
Banos
Baptiste
Baptiste Boyer
Baque, Bake
Baquet
Barada
Barade
Barado
Baradères, Baradaires
Barage
Baranque
Baraque
Barassa
Barassart
Barateau
Barbancourt, Barbanc
Barbe
Barbe Pangnol, Barbe Pangnole
Barbeau
Barbes Espagnol, Barbe Espagnole
Barbin
Barbois
Barbot
Barcadère
Barcadère Trompe
Bareau
Barestyl
Baret
Baria
Bariadelle, Bariadele, Bariadeles
Baribou
Barnard
Barnate
Baron
Baroney, Baroncy
Barony
Barot
Barque
Barque Borgne
Barrade
Barrage
Barranque
Barrasa, Barasa
Barre Boeuf
Barre de Henne
Barreau
Barret
Barrière
Barrière André
Barrière Batin
Barrière Battant, Carrefour Barrière Battant, Carrefour Battant
Barrière Blanche
Barrière Bouteille
Barrière Fer
Barrière Gaule
Barrière Jeudi, Barrière Jeudy
Barrière Roche
Barrière Rouge
Barrois
Barrère
Barthauld
Barthelemy
Barthoid
Bas Boen
Bas Canal
Bas Chauta
Bas Cimetière
Bas Duble
Bas Dufort
Bas Fond Caracol
Bas Fourrien
Bas Gaudou
Bas Gougeon
Bas Jacob
Bas La Serre
Bas La Source
Bas Laleau
Bas Lavoute
Bas Madame
Bas Madeleine
Bas Mahotière
Bas Matel
Bas Peroux
Bas Petavie
Bas Pinal
Bas Solé
Bas Tessert
Bas Thomas
Bas de Sainte-Anne, Bas Sainte Anne
Bas de Sault, Bas de Saut, Bas du Saut
Bas des Nègres
Bas du Four
Bas la Voute
Basane
Basie
Basil
Basquet
Bassainthe
Bassan, Basan
Basse
Basse Bleu
Basse Matador
Basse Mory
Basse Terre
Basse Thomonde
Bassin
Bassin Bleu, Basen Ble, Commune de Bassin Bleu
Bassin Boeuf
Bassin Cannotte
Bassin Caïman, Bassin Caimann
Bassin Cheval, Bassin Chevel
Bassin Citron
Bassin Coco
Bassin Dessources
Bassin Laurent
Bassin Long, Bassin Longue
Bassin Makanda
Bassin Mambo
Bassin Medor
Bassin Pian
Bassin Pois Doux
Bassin Prince
Bassin Soleil
Bassin Tournin
Bassin Visite
Bastia
Bastien
Batador
Batais
Batardo
Bateille
Batey, Battey
Batier
Batin
Bativia
Batolme
Battaille
Bauber, Baber
Baubin
Baubère
Baucher
Baudin
Baudouin
Bauduy
Baugé
Baupant
Baussan
Bauvais
Bauvrai
Bauzan
Baval
Baveux
Bay-Alliance
Bayacou
Bayado
Bayard
Bayas
Baycite, Morne Baycite
Baye
Bayelle
Bayer
Bayere
Bayeux, Bayau, Bayeu
Bayon
Bayonnais
Bayonnette
Bazarin
Bazelais
Bazil
Bazila
Bazilan
Bazile
Bazin
Bazin Reignier
Bazou
Beau Père
Beau Seigneur
Beau Soleil
Beau Séjour
Beaubrun
Beaucalin
Beauchamp, Beau Champ
Beauclos
Beaudin
Beaudois
Beaudouin
Beaudrouin
Beaudry
Beaufort
Beaufrin
Beauger
Beaugé
Beaujoin
Beaujoint
Beaulier
Beaulieu
Beaumond
Beaumont, Commune de Beaumont
Beauséjour
Beautesse
Beauvais
Beauvoir
Bedan
Bedine
Bedo
Bedoret
Bedou
Bedouet
Began Nabé
Bel Air
Bel Arbre
Bel Fond
Bel Platon
Bel-Air
Belad
Belair
Beland
Belangnin
Belbède
Belery
Belgarde
Beljote, Balliotte
Bellade
Belladère, Balladere, Beladè, Commune de Belladère, Veladero
Bellance
Bellande
Bellanger, Belanger
Bellangé, Belange
Bellanton
Bellard
Belle Anse
Belle Blade
Belle Branche
Belle Dent, Belladent
Belle Fontaine
Belle Fortune
Belle Hôtesse
Belle Maison
Belle Platon
Belle Roche
Belle Terre
Belle Tete
Belle Vue
Belle Épée
Belle-Anse, Belans, Saltrou
Belle-Tête
Bellecone
Bellegarde
Bellery
Bellevue
Bellevue Laolair
Bellevue la Montagne
Bellon
Bellonton
Bellote
Belloteste
Belly
Belo
Beloc
Beloeuf
Belol
Beloten
Belsue
Belval
Belvedere
Belvo
Belzanine
Ben
Bence
Benest
Benjamin
Benoil
Benoit, Calapa Benoit, Source Benoit
Bento
Benêche
Bercera, Bercery
Bercerie
Bercy
Bereau
Bergaine
Bergat
Bergeotte
Berger
Bergerac
Bergeraud, Bergereau
Berjin
Berken
Berlin
Berlotte
Berly
Bernadel
Bernado
Bernagousse
Bernaleau
Bernard, Banard
Bernaud
Bernice
Beroit
Berou
Berrard
Berret
Berrouette
Berry
Berthaud
Berthol
Bertin, Berrin
Bertrand
Bertrang, Bertrand Trouin
Bertrend
Besace, Beseau
Besson, Bas Bessin
Betrouze
Beucard
Beudet, Pont Beudet
Beyer
Beyotte
Bezin
Biaou, Biasou
Biari
Biassou
Bicara
Bichotte
Biclair
Bicloire
Bidal
Bidone
Bidoret
Bidouze
Bien Aimé
Bien Compté
Bien Placé
Bienfaisant
Bievenue
Bigaille
Bigandie
Bigeon
Bigo
Bigonet, Bigoney
Bigot
Bijon
Bijou
Biley
Billard
Billiard
Billiguy, Billigui, Colonie Billiguy
Billiot, Billo
Bimani
Bimba
Bina
Binaud
Bineau Blanche
Bineau Noire
Binguy
Bino
Binot
Binto
Bintorrible
Bique
Biquette
Biron
Bisanneau
Biscagne
Biscaillant
Biscaye
Bissainthe
Bissaintique, Bissaitique
Bisserette
Biston
Bistouri
Bitoche
Biton
Bivac
Bizarre, Bezia
Bizoton
Black
Blain
Blaise
Blanchard, Blancherd
Blanco
Blancon, Blanchon
Blandin
Bleau
Blecke, Bleck
Bleu
Blockauss, Blockhauss
Blond
Blondeau
Blondin, Blodin
Blondine
Blondos, Blondo
Blonnin
Bobe
Bobis
Boc Banique, Boc Banic
Boca
Bocaba
Bocage
Boclos, Boclo
Boco
Bocozel, Bocozell, Bocozelle
Bodarie
Bodary
Bodasse
Bodian
Bodin
Bodonique
Bodor
Boduy
Body
Boen
Bofort
Boidine
Boileau
Boirond
Bois, Ka Bois
Bois Baraille
Bois Bayard
Bois Blanc
Bois Boulalile
Bois Boulé
Bois Boutou
Bois Brulé
Bois Cabrit
Bois Caché
Bois Capable
Bois Carré
Bois Cassé
Bois Cerceuil
Bois Cercueil
Bois Chadeque
Bois Chandel
Bois Chandelle
Bois Chrétien, Bon Chretien
Bois Chèche
Bois Clair
Bois Cochon
Bois Codine, Bois Codéine
Bois Cola
Bois Comte, Bas Conte
Bois Conte
Bois Couleuvres
Bois Coupet
Bois Crabe
Bois Debois
Bois Debout
Bois Dehors
Bois Dentelle
Bois Dimanche
Bois Dumay
Bois Dune
Bois Duval
Bois Délai
Bois Dêtre
Bois Galette
Bois Gamelle
Bois Gariman
Bois Geneste
Bois Georges
Bois Gérard
Bois Jaune
Bois Jeanay
Bois Joli
Bois Joly
Bois Jour
Bois Jumeau
Bois La Haut
Bois La Ville
Bois Lambert
Bois Lame
Bois Lance
Bois Landry
Bois Larue
Bois Laurence, Bois de Laurence
Bois Louroux
Bois Léger
Bois Lére
Bois Magot
Bois Mahot
Bois Major
Bois Marchand
Bois Marguerite
Bois Marie
Bois Marseille
Bois Martin
Bois Maçon
Bois Michel
Bois Miel
Bois Milot
Bois Misquette
Bois Mouton
Bois Mulet
Bois Nago
Bois Negesse
Bois Neptune
Bois Neuf, Bois Neut
Bois Nicolas
Bois Noir
Bois Nègre Marron
Bois Négresse
Bois Pangnol
Bois Paul
Bois Pignon
Bois Pin
Bois Pin Boule
Bois Pin Gommé
Bois Pin Jean Noël
Bois Pin L'Orage
Bois Pin Marron
Bois Pin Nègre
Bois Pin Pose
Bois Pin Tombé
Bois Pinpince
Bois Pins
Bois Piquant
Bois Pourri
Bois Poux
Bois Pérignon
Bois Pérou
Bois Riou
Bois Rond
Bois Rouge, Boy Rouge
Bois Sec, Boise Sec
Bois Sence
Bois Sèche
Bois Tina
Bois Tombé
Bois Tortu, Bois Tortue
Bois Trempé
Bois Verna
Bois Vert
Bois Viaud
Bois Vin Dri, Bois Pindri
Bois Véa
Bois d'Avril
Bois d'Eau
Bois d'Homme
Bois d'Huis
Bois d'Orme, Bois D'ohme
Bois de Chêne
Bois de Lance
Bois de Lenthel
Bois des Hommes
Bois l'Anse
Bois l'Autre Bord
Bois l'Église
Bois l'État
Bois Étienne
Bois-Neuf
Bois-Pin
Boisdine
Boise Dine
Boisneau, Boineau
Boispin Guêpe, Bois Guèpe
Boisrond
Boisson
Boissonie, Boissonière
Boitide
Boja
Bojo
Bolière
Bolosse
Bombardopolis, Bonbadopolis, Commune de Bombardopolis, Ville de Bombardopolis
Bombay
Bommier
Bommolle
Bon Fond, Bonne Fond, Bonnefond
Bon Pas, Bomba, Bompa, Bompas
Bon Pays
Bon Repos, Carrefour Bon Repos
Bon Saldat
Bonbon, Bon Bon, Commune de Bonbon, Trou Bonbon
Bonbongnin
Boncy
Bondance
Bonet
Bonga
Bongar
Bongars
Bongas
Bongat
Bongle
Bongris
Bonhomme
Bonite
Bonnal
Bonnay
Bonne Fin
Bonneau
Bonnefi
Bonnement
Bonnet
Bonnette
Bonny
Bonodeau
Bontemps
Bonyotte
Bord de Mer Cagnette
Bord de Mer Camp Louise
Bord de Mer de Limonade, Bord de Mer
Bord l'Étang
Bord-de-Mer de Jean-Rabel, Almagenes, Almaçenes, Bord de Mer Jean Rabel
Borde
Borde Froid
Bordes
Bordette
Bordi
Bordie
Bordin
Borel
Borgella, Borgalla
Borgne, Commune de Borgne, La Borgne, Le Borgne, Le Rorgne, Obòy, Ville du Borgne
Bori
Borin
Borne
Borne Fer, Bonne Fer
Borne Tante
Borno
Boroc, Broc, Carrefour Bohoc, Carrefour Borroque
Borreau
Bory
Bosiaux
Bosou
Bossa
Bosse
Bossier
Bossière
Bossou
Bossuet
Bossus
Bota
Bota la Pluie
Botoncy
Bou Parfait
Boubet
Boubier
Bouc Palmistre
Boucalou
Boucambour
Boucan
Boucan Bouteille
Boucan Boyer
Boucan Bélier
Boucan Caché, Boucan Gache
Boucan Carré
Boucan Chatte
Boucan Chique
Boucan Diane
Boucan Drice
Boucan Ferdinand, Boucan Fredinand
Boucan Filsaimé
Boucan Giraumon
Boucan Greffin
Boucan Guillaume
Boucan Guimbi, Boucan Guimby
Boucan Guêpe, Boucan Guêpes
Boucan Ibo
Boucan Jean Louis
Boucan Kola
Boucan La Pierre
Boucan Laurent
Boucan Laurier
Boucan Lion
Boucan Légume, Boucan Lamarre
Boucan Mapou
Boucan Maronne
Boucan Michel
Boucan Moran
Boucan Nicot
Boucan Noel
Boucan Paiement
Boucan Pangnol
Boucan Patate
Boucan Patriote, Boucan Patrio
Boucan Philippe
Boucan Pois
Boucan Puce
Boucan Pété
Boucan Pêcheur
Boucan Richard
Boucan Risqué
Boucan Sannite
Boucan Tache
Boucan Tanillin
Boucan Taureau
Boucan Ti Cochon
Boucan Ti Couchon
Boucan Tonton
Boucan Tuffe
Boucan d'Anjou
Boucan à Lait
Boucanbrou
Boucantal, Boucantis
Boucanyona
Bouceau
Boucher
Bouchereau
Bouchette
Bouchi
Bouchure
Boucicaut, Boucicaur
Bouda Chita
Boudary
Boudet, Boudet Ti Place
Boudin
Boudon
Boudou
Boudouin
Boue Flette
Bouese
Bouffard
Bougognier
Bouilli
Boujoi
Boujote
Boujouque
Boukan Kare, Commune de Boucan Carré
Boula
Boulaille
Boulaille Boeuf
Boulaille Perlé, Boulaille Pere
Boulaille Voley
Boulaillo
Boulanger
Boulard
Boule
Boulet
Bouli, Bouly
Boulin
Boulmier
Bouloune
Bouquerome
Bouquet d'Homme
Bouquette
Bourdeau
Bourdet
Bourdon
Bourg Dumas
Bourg-à-Chique
Bourgeois, Bourjois
Bourget
Bourgogne
Bourgon
Bourgouin
Bourie
Bourjo
Bourjolly, Bourjoly
Bourouc
Bourrine
Bourrouque, Bouroque, Bourrouc
Boury
Bousinette, Bouziette, Bouzinette
Bousquet, Bousquette
Bousseau
Bousson
Bout de Bois
Boutaille
Boutilier
Boutin
Boutique
Bouton
Boutte
Bouvard
Bouvier
Bouyaha
Bouzi
Bouzillette
Box Indis
Boyer, Morne Boyer
Boyoco
Brache
Brache Fond
Bradelais
Bralance
Bran Noël
Branda
Braque
Bras Droile
Bras Droit
Bras Gauche
Bras Homme
Bras de Gaucite
Bras à Droite
Breau
Breau Plassac
Breda
Brene
Bresson
Bresète
Breton
Briand
Briant
Brice
Bricoque
Bricourt
Briel
Briers
Brieux
Brillant
Briller
Brinto
Briquis
Brisant
Brissard, Brissar
Brisse
Brisson, Buisson
Brissète
Briyin
Brizard Nicole
Brière
Brochard
Broche
Brodequin
Brossard
Brossier
Broteau
Broucanbrou
Brouette
Brouillard
Brousse
Broute, Boute
Bruand
Brulaille
Brulin
Bruneau
Brunel
Brunet
Brunette
Brutus
Brèche
Bréa
Bréman
Brémant
Brémond
Brémont
Brésilienne
Bréto
Brévin
Buclair
Bugue
Buguette
Buisserette
Burin
Buris
Buron
Burotte
Buteau
Buties
Butte Boyer
Buvette
Buénabite
Byard
Béanos
Béansine
Béatre
Bébé
Bécanta
Bédime
Béké
Bélac
Bélance
Bélancourt
Béliard
Bélier
Bélivert
Bélizaire
Bélotte
Béléo
Bénaco, Bernaco
Bénitier
Bénéfice
Béra
Bérard
Béraud, Carrefour Beraud
Bérault
Béret
Bérette
Béril
Bérondi
Bérot
Béré
Bétel
Béthel
Béticher
Bêque
Ca Auguste
Ca Baptiste
Ca Barrois, Barois
Ca Bellande
Ca Berthe, Berthé, Ka Berthe
Ca Bique
Ca Bièque
Ca Biédo
Ca Bodin
Ca Bois
Ca Bonette
Ca Brûlé
Ca Charlesdieu
Ca Charlotte, Ca Charlote
Ca Chien
Ca China
Ca Choute, Cachoulle
Ca Chérisme
Ca Cola
Ca Commandant
Ca Compte
Ca Compé
Ca Comte, Ka Conté
Ca Concite
Ca Coq, Ka Coq
Ca Coute
Ca Covlo
Ca Dafirme, Daffimé
Ca Damier, Demier
Ca Day
Ca Dion
Ca Docteur
Ca Douche, Cadouge
Ca Dubreuil
Ca Dulma
Ca Dupuy
Ca Durand
Ca Folie
Ca Fort
Ca Fourmi
Ca Fourré
Ca Gars
Ca Gauthier, Ca Gautlmie
Ca Georges
Ca Germain
Ca Gomme
Ca Guigouet
Ca Gué
Ca Henry
Ca Houte
Ca Ibe
Ca Jacques
Ca Janvier
Ca Jason
Ca Jean Boule
Ca Jeune
Ca Joseph
Ca Joufran, Cajoufrant
Ca Lacoupe
Ca Lamothe
Ca Laneau, Laneau
Ca Lanmac
Ca Laroche, Ka La Roche
Ca Laurent
Ca Laville
Ca Louis
Ca Louisy
Ca Léon
Ca Madame Noël
Ca Malor
Ca Mando
Ca Marchas
Ca Mars, Ka Mars
Ca Marthe, Ka Marthe
Ca Martin, Ca Matin, Ka Martin, Nan Matin
Ca Mathan
Ca Matisse
Ca Maureau
Ca Michaud
Ca Michel
Ca Mori
Ca Noël
Ca Pente, Ka Pente
Ca Philippe
Ca Pierre, Ka Pierre
Ca Pouillant
Ca Poule, Ka Poule
Ca Poyo
Ca Pron
Ca Reguy
Ca Roc
Ca Roche, Ka Roche
Ca Roi, Ka Roi
Ca Roseau
Ca Rosier
Ca Roy
Ca Salo
Ca Savon, Ka Savon
Ca Soie
Ca Ti Charles
Ca Tigel
Ca Tino
Ca Titi
Ca Toussaint
Ca Tout Rond
Ca Vilason, Ca Villarson
Ca Volel, Volel
Ca l'Étang
Ca Élie, Kaèli
Ca-Ira, Port Leogane
Caba
Caba Soleil
Cabane Boeuf
Cabare
Cabaret, Duvalierville, Kabarè
Cabei
Cabelle
Cabestor
Cabia
Cabic
Cabocal
Cabon
Cabosse
Caboule
Caboën
Cabrit
Cabrouette
Cacajou
Cacao
Cache-Cache
Cachet
Cachette, Gachette
Cachiman
Cachimas
Cachimbo
Cachotte
Cacique
Cacoli
Cacolo
Cacouille
Cacoyer
Cadeau, Carrefour Cado
Cadel
Cadelon
Cadena
Cadet
Cadette
Cadiac
Cadieu
Cadrien
Caduc
Caducou
Cafetière
Café
Cafétanal, Cafénatal, Cafétana
Cagareau
Cageais
Cagnette
Cahot
Caibachet
Caillard
Caille
Caille Bodin
Caille Boucan
Caille Dupin
Caille Encerclée
Caille Flide
Caille Ganot
Caille Jour
Caille Laurent
Caille Maron
Caille Pierre
Caille Pin
Caille Piti, Caille-Pity
Caille en Cercle
Cailledor
Caillere
Caillot
Caiman
Caimite
Caisse Forte
Cajean
Cajhon
Cajou
Cajou Brûlé
Cajou Franc
Cajoux
Cajuste
Calalo
Calapa
Calas
Calavène
Calbacher
Calbachin
Calbassier
Calebasse
Calebassier
Calema
Calice
Calico
Califerme
Califorme
Califèbe
Calile Charles
Callebassie
Callebassier
Calmadère, Calnadère
Calmite
Calmony
Caloban
Calon
Calons
Calumette
Calvaire
Caman
Camari
Camaron, Cameron
Cambacle
Cambon
Cambrenant
Cambry
Camizar
Cammon
Camolie
Camori
Camp
Camp Barrière
Camp Blaise
Camp Bourique
Camp Coq
Camp Delpèche
Camp Fort
Camp Louise
Camp Papaye
Camp Perrin, Commune de Camp Perrin, Kan Peren
Camp Pongnon
Camp Sec
Camp Septième
Campagne
Campant
Campfranc
Campo
Campègne
Campêche
Campêche Félix
Cana
Canacou
Canal
Canal Bois
Canal des Fourneaux
Canard
Canastor, Danastor
Canave
Candela
Candelon
Candia
Candian
Candio
Candy
Canelle
Canette
Cangé
Canielle
Canifice
Canivet
Canne, La Canne
Canne Matron
Canneau
Cannelle
Cannette, Cinnette
Canniver
Cannot
Canon
Canot, Canotte
Canrete
Cantave
Cantenal
Canve
Cap Rouge, Cape Rouge
Capable
Capaca
Capaire
Capin
Capiti
Capoly
Capont
Caporal
Capotille, Commune de Capotille, Kapotiy
Capoux
Caprière
Caprou
Capucins
Cara Plaine
Caraba
Carabonique, Carabonite
Caracol, Commune de Caracol, Karakòl
Caranarang
Caraque
Carata
Carber
Carcasse
Carconne
Cardiaque
Cardinot
Caredouc
Caressé
Carice, Commune de Carice, Karis
Carion
Carissade
Cariver
Carl
Carlos
Carneile
Carobal
Carobite
Caroline
Carosier
Carosse
Carouin
Caroy
Carpal
Carpentier
Carpette
Carrefour, Commune de Carrefour, Kafou
Carrefour Astier
Carrefour Baudin
Carrefour Baussan
Carrefour Beaugé
Carrefour Beraque
Carrefour Bois d'Homme
Carrefour Bête, Bête
Carrefour Cadet
Carrefour Calumette
Carrefour Canot
Carrefour Casse
Carrefour Caton
Carrefour Charles
Carrefour Coma
Carrefour Congo, Congo Suzanne
Carrefour Coutant
Carrefour Cécile, Carrefour Cecil
Carrefour Dent
Carrefour Desruisseaux, Carrefour Desruisseau
Carrefour Deux Mapous
Carrefour Diaquois
Carrefour Dieudon, Dieudon
Carrefour Dufort
Carrefour Dépé
Carrefour Fauché, Carrefour Faucheux
Carrefour Figuier
Carrefour Fleurant
Carrefour Gabriel
Carrefour Gallois
Carrefour Georges
Carrefour Gras
Carrefour Guichard
Carrefour Jean Bernard
Carrefour Jean Michel
Carrefour Joffre, Carrefour Jofre
Carrefour Joseph
Carrefour Jouanau
Carrefour Kanse, Carrefour Ganze, Kanse
Carrefour La Boule
Carrefour La Mort
Carrefour Laguerre
Carrefour Lalande
Carrefour Lamardelle
Carrefour Laury
Carrefour Libo
Carrefour Losandieu
Carrefour Lundi
Carrefour Maillette
Carrefour Malette
Carrefour Mambo
Carrefour Mare Jouffrey
Carrefour Marin
Carrefour Marose, Carrefour Marosse
Carrefour Michel
Carrefour Milton
Carrefour Moincon
Carrefour Morne Rouge
Carrefour Moussignac, Carrefour Monsignac, Carrefour Montignac, Moussignac
Carrefour Ménard
Carrefour Méridien
Carrefour Nan Brûlé
Carrefour Nan Georges
Carrefour Orange
Carrefour Parois
Carrefour Prince
Carrefour Périsse, Carrefour Pévisse
Carrefour Quarante-Quatre
Carrefour Raymond
Carrefour Réverduré
Carrefour Sanon
Carrefour Saut d'Eau
Carrefour Seize
Carrefour Sévère
Carrefour Tamisé
Carrefour Ti Bois
Carrefour Zaboca
Carrefour des Pères, Ca Père, Carrefour Père
Carrefour des Quatre Chemins
Carrefour l'Acul
Carrefour à Henne, Carrefour à Hemne
Carrelone
Carrier
Carries
Carrizal
Carry
Carré
Carème, Boucan Carême
Carénage
Casal
Casale, Cazale, Cazales
Cascade
Cascour
Casel
Caseneuva
Caseneuve
Casimir
Casnave
Casoie
Casouka
Caspiquet
Casque Carré
Cassa
Cassagne, Cassague
Cassamajor
Cassan
Casse
Casse Côtelettes
Casse Noire
Casse-Cou
Casse-Dent
Casse-Neuve
Cassenave
Cassetache
Cassignol
Cassiline
Cassis
Cassorouge
Cassourde, Cassourd
Cassé Dent
Casséus
Castable
Castagne
Castambi
Castane
Castanette
Castel
Castel Père
Castera
Castigant
Castillion
Castillon
Castor, Cator, Gastor
Catadat
Cataline
Catambe
Cateno
Catherine
Catiche
Catigale
Catim
Catin
Cato
Caudère
Caustard
Cauvin
Cavaillon, Cauaillon, Cavailon, Commune de Cavaillon, Kavayon
Cavalier
Cavase
Cayahonde, Cayahande
Cayajant
Caye
Caye Fort
Caye Nicolas
Cayemite
Cayence
Cayepin, Cayefrin
Cayes-Jacmel, Cayes de Jacmel, Kay Jakmèl
Cayette
Cayonne, Cayenne
Cazal
Cazeau
Cazimir
Caïmita
Caïmites
Caïmittes, Caimitte
Caïméite
Celan
Celestin
Cense
Cerca
Cerca Carvajal, Commune de Cerca Carvajal, Sèka Kavajal
Cerca Ebré
Cerca la Source, Commune de Cerca la Source, Sèka Lasous, Ville de Cerca la Source
Cercadie
Cercadille
Cercaville
Cercey
Cesselès, Ca Céleste
Cesson
Cetry
Chabaud
Chabaurin
Chabe, Charbre
Chaber
Chabet
Chabote
Chabotte
Chabré Valles
Chacha
Chachate
Chacho
Chadrine, Chaderne
Chafa
Chaffrey
Chahoy
Chaillot
Chainau
Chaine Grande Bois
Chaino
Chaise
Chaiumeau
Chajotte
Chalatte
Chalet Rond
Chalette
Challeau
Challet
Chalon, Chalons
Chalopin
Chalotte
Chambellan, Chanbellan, Chanbèlan, Commune de Chambellan
Chambert, Chabaire
Chamblain
Chambon
Chambrun
Chameau
Chamoise
Champagne
Champanne
Champelot
Champin
Champion
Champion de la Montagne
Champy, Champi
Chancerelles, Chancerelle
Chanel, Channel
Changieux, Changeux, Changier
Chansolme, Chansolm, Chansòl
Chantal, Commune de Chantal
Chanteneau
Chanterelle, Chancerelle
Chantigny, Chantilly
Chaolus
Chapateau
Chapeau Carré
Chapelet
Chapelette
Chapelle
Chapelon
Chapereau
Chapineau
Chapini
Chapoteau
Chapotin, Chabotin, Chapotia
Charboner
Chardonette
Chardonnette
Chardonnière, Chardonnières, Ville de Chardonnière
Chargent
Charie
Chariot
Charisse
Charité
Charlemagne
Charles, Charles Sec
Charles Blanc
Charles Joly
Charles Provo
Charles Roy
Charles Sègue
Charlet
Charlier
Charlotte
Charmant
Charon
Charpentier
Charrette, Charette
Charrier, Charier
Charriol
Charron
Chartes
Chasin
Chassagne
Chasseau
Chatard
Chateaubriand
Chatelain
Chatelier
Chaterie
Chaton
Chatte Noire
Chattelos
Chatulet, Chatubet
Chaudry
Chauffard
Chaumette, Chamette
Chaumont, Charmont, Chaumon
Chaussée, Chaussé
Chauvet
Chavanne
Chavannes, Chauvigne
Chaveneau
Chavette
Chaviac
Chavène
Chayau
Chaîne Janvier
Chaîne Longue
Chaîne l'État
Chemin Neuf
Cheneau
Chenet
Cheno
Cher Maître
Cherident
Chery
Cheslin
Cheuveunette
Chevalier
Cheveux
Chevreau des Cloches, Chevreau Dos Cloches
Chevrie
Chevrine
Chevry
Chic Kata
Chica
Chicane
Chicot
Chiedent
Chien Dent
Chiendent
Chifonnette
Chilotte
Chiron
Chiront
Chitri
Chivre
Choilier
Choiseul
Cholet
Cholette, Cholotte
Chomeille
Chouchou
Choumane
Choumasse
Christ
Christian
Christine
Chuitte, Chuite
Château
Chéramy
Chérette, Charette
Chéridan
Chéridant
Chérissable
Chérubia, Chéubia
Chérubin
Chérési
Chêne
Cice
Cigala
Cigarra, Cigara
Cilo
Cilègue
Cima
Cimetière
Cimetière Pangnor
Circuelle
Cirouelle
Citadelle
Citerne Paille
Citerne Remy
Citron
Citroniers, Citronier, Citronnier
Citronnelle, Citronelle
Civadier
Civette
Civil
Clabegine
Clair Messine
Claire
Clairin
Clareau
Clarette
Clarisse
Claude
Claudine
Clavi
Clavin
Clement
Clermond
Clermont
Clervaux, Clerveau
Clisan
Cloma
Clonard
Clou
Cloville
Clyadier
Cléante
Clémence
Clémenceau, Clémansso
Clémentine
Clérie
Clérissau
Clérisse
Clérot
Cléry
Cléto
Cocagne, Cocangna
Cocherel
Cochon Gras
Cochon Marron
Cochonnette
Cocoloco
Cocombre
Cocoyer
Cocoyer Duchene
Codaly
Codère
Coeur Bois
Coeur Brule
Coeur Droit
Coeur de Bois
Coffre
Cogna, Couza Cogna
Cohobé
Cohos
Coicou
Coin Bois
Colage
Colager
Colaré
Colas
Colas Cigui
Colberan
Colette
Coli
Colier
Colimon
Colin
Colinette
Colladère
Collasine
Collette
Colline
Colline Cochon Gras
Colline Ti Jean
Colline des Chênes
Colminy, Colmini
Colo Chambeau
Cologne
Colombe
Colombel
Colombelle
Colombier, Marche Colombier
Colonel
Colonie
Colonie Agricole d'Oriani
Colonie Agricole de Grand Bassin
Colonie Agricole de Savane Zombi
Colonne
Colora
Colorado
Colunette
Coma
Comaidois
Coman
Combi
Commandant
Compagnon, Compognon
Comporan, Corporant
Condlé
Condé
Conete, Concotte
Conette
Congandé
Congo
Congo Tout Nu
Congolo
Congoya
Conio
Conodi
Conoret
Conotte
Conseil
Conseiller
Constant
Contenso
Contiche
Continent
Contré
Conty
Coplo
Coq
Coq Chant Cangreux
Coq Chante
Coquignol
Coquille
Coquillon
Coquillot, Quaquillo Perotte
Coquière, Pont Coffières
Corail, Commune de Corail, Corail Soult, Koray
Corail Aubray
Corail Boutin
Corail Brache
Corail Desbas
Corail Henry
Corail Lacora
Corail Lamothe
Corail Lhérisson, Corail Jolibois, Corail Lhérison
Corail Tessert
Corail de Mer
Corail l'Abbé
Corail-Henry
Corailthor
Corbanal
Corbey
Corbillère
Corcette
Cordier
Cordillier
Cordière
Cordon
Coridon
Corinne
Cormier
Corneille
Cornel Noël
Cornillon, Commune de Cornillon, Grands Bois, Kòniyon
Cornivette
Corno
Corose
Corosi, Corossi
Corosier
Corosol
Corossal
Corosse
Corosse Sèche
Corossol
Corridor Gangny, Gangny
Cortin
Cortino
Corvelle
Cosini
Cosse, Nan Cosse
Costa
Cotard
Cotarde
Cote Garde
Coteaux
Cotiers
Cotin
Cotino
Coton
Coton Sel
Cottard
Cotterelle
Coty
Coudelette
Coudgoye
Coudrai, Coudra
Coudré
Cougage
Couillon
Coujol
Coujour Divier
Coukio, Coquillo
Coulard
Couline Boucan Greffin
Coulon
Couma
Counaucou
Coundou, Condou
Coupe Compte
Coupe Maroto, Coupe Maro
Coupe Pintade
Coupe à Limbe
Coupeal
Coupeau
Coupet
Coupette
Coupier
Coupin
Coupois
Coupon
Coupé Bois
Cour Félix
Coure Pitt
Courette
Courjolles, Courjolle
Couro Rochonne
Courslo
Courtier, Lourtier
Courtise
Courtois
Coury
Cousson
Coussy
Coutan
Coutant, Cuntant
Coutard
Coutelas
Couveret
Couvry
Couyo, Couyau
Couza
Covette
Covilette
Covin
Crabier
Crabinaille
Cracaraille
Crapa
Crapaud
Craplain
Crepain
Creptaine
Cressac
Criotte
Crochu
Crocra, Cocra
Croissy
Croix Chatte
Croix Chery
Croix Chérie
Croix Fer
Croix Hilaire
Croix Hondo
Croix Malouque
Croix Martyre
Croix Martyrs
Croix des Missions
Croix-Mulâtresse, Crois Mulatresse, Croix-Mulatsse
Croix-des-Bouquets, Kwadèbouke
Croquis
Créace
Crépadie, Crébapie
Crépin
Créplaine
Crête Laurent
Crête Sale
Cul de Sac
Curtis
Curvier
Cusson
Cuvier
Cuyo
Cyrac
Cyres
Cyrille
Cème
Cécilio
Céde
Célicou
Cérécif
Cérécit
César
Céverine
Côte Fer
Côte de Fer
Côtes de Fer
D'Acceuil
D'Apres
D'Espagne
D'Haïti
Dabarelle
Dabon
Dabouin
Dache
Dade
Dados
Dagou, Dagon
Dahomey
Dalas, Dallas
Dales
Dalfeuille
Dalier, Dallier
Dallemand
Dalman
Dalmas
Dalmette
Dalon
Dalérle
Damagnac
Damaniac
Damas
Damassins, Damass, Damassin
Damazon
Damboin
Dambou
Dambreville
Dambrois
Dame Marie, Commune de Dame Marie, Dam Mari
Dame-Jeanne Cassée, Dame Jane Casse, Dame Jeanne Case, Dame Jeanne Coffée
Dame-Marie, Ville de Dame Marie
Damiens, Damien
Damier
Damnous
Dampus
Dan Drouin
Danache
Danby
Dancin
Danda
Dandin
Dandouin
Daneau
Danglise
Dangoula
Dano
Danton
Danty
Darang, Darane, Daranne, Dorane
Darapin
Darbonne
Darbouze
Dargousse
Dargout, Dargond
Daribot
Dariole
Daromain
Dasignac
Dasing
Dasna
Daspinasse
Dasse
Datis
Daty
Daubeze
Daublet
Daucan
Daudier
Daudin
Daugy
Dauphin
Dauphine
Daut
Dave
Daverne
David
Davillier
Davilmar
Dayer
Dayere
Dazilma
De Chayo
De Moulin
De l'Eau Banquille, D'lo Banquille
De l'Eau Bouillie, D'Leau Bouillie
De l'Eau Carlos, Dlo Carlos
De l'Eau Contrée, D'Leau Contrée, D'lo Contrée
De l'Eau Coq, D'lo Coq
De l'Eau Gaillée, D'lo Gaillée
De l'Eau Janvier, D'lo Janvier
De l'Eau Noire, D'Lo Noire
Deboche
Debois
Debouchette
Debouque
Debrigat
Debureau
Decabon
Decamp
Decanne
Deck
Defre
Degal
Degand
Degome
Degoudre
Degrave, Dégraves
Deheaune, Debeaune
Dehouvray, De Rouvray
Deiso
Dejeance
Dejá
Delajus
Delate
Delauné
Delbagne
Delbec
Delbic
Delbois
Delbreuil
Delcourt
Deleme
Delfosse
Delicourt
Delmar
Delmas, Commune de Delmas, Dèlma
Delmas 73
Delogne
Delpache
Delpeste, Delpêhe
Delpèche
Delumay
Delva
Demaine
Demaragues
Demard
Demarre
Demoitier, Demoite
Dempus
Demuzaine
Demé
Dena
Denignon, Denigon
Denis
Deniza
Denizard
Denler
Deno
Denoye
Dent Grignin, Marché Dent Grignin
Dent Puce
Dentiste
Depaluce, Depaluc
Depe, Dipe
Deraymond
Dercaue
Derivière
Derma
Deron-Ville
Deronceley, Deroncerey
Deronceray
Derosier
Derriers Morne
Derriez
Derrière Anse Rouge
Derrière Bois
Derrière Fort
Derrière Garde
Derrière Goyave
Derrière Lagon
Derrière Marc
Derrière Morne
Derrière Morrie
Derrière Voûte
Derrière Zorde
Derrière l'Étang
Derville
Des Bourrys
Des Charlote
Des Fonds
Des Jardins, Des Jardin
Des Ombrages
Des Pauvres
Des Plantes
Des Roches
Desabe
Desbois
Desbureaux
Descaha
Descahos
Descambe
Descamps
Descareaux
Descasse
Deschamps
Deschapelle, Deschappelles
Deschapelles, Deschapelles Mogé
Deschatelles
Descloche
Descloches
Descodes
Desconville, Esconville
Descordes
Descotières
Desdunes, Commune de Desdunes, Dedin, Desdunes Bois Gerard
Desert
Desforges
Desglacis, Deglacis, Desglaci
Desgranges
Desjardins
Deslandes, Deslande
Deslions
Desmangles
Desmarais
Desmarates
Desmarattes
Desminville, Destinvil
Desmornes
Desmoulins
Desnoyers
Desobert
Despagnes
Despavines
Despinasse
Despines
Despinos
Despiseau
Desplantes
Desplats
Despo
Despotières
Despuzeau
Desravines
Desroches
Desrue
Desruisseau, Derisseau
Desruisseux
Dessabie
Dessables
Dessalines, Commune de Dessalines, Desalin
Dessaulier
Dessert
Dessources, Dessource
Destouches, Dessouches
Desvarieux
Detayac
Deux Baleines Nord, Desbaleines Nord
Deux Baleines Sud, Desbaleines Sud
Deux Barrières, Deux Barriere
Deux Garçons
Deux Lagons
Deux Moulins
Deux Mélisses
Deux Passes, Deaux Passes
Deux Poteaux
Devallon
Devant Barse
Devarenne, Devarennes
Devesin
Devezin
Dezeau, Déseaux
Deï
Diable Aubé
Diablette
Diaca
Diaguidi
Diamant
Diambour
Dianacou
Diapomme
Diara
Diasa
Diaulis
Dibiton
Dibitte
Didi
Didier
Didon
Didot
Dielgo
Diembo
Dieubon
Dieujuste
Dieuron
Difossac
Digneron
Digo
Digo Solon
Digoterie
Digue
Digue Monville
Dilagon
Dilaire
Dilobouille
Diloney
Dimale
Dimba
Dimbi
Dimini
Diminy
Dimisaine
Dimiti
Dimulseau, Demisseau, Dimuisseau, Dumisseau
Dimuraille
Dingou
Dini
Dinote
Dinuny
Diny
Dio Couri
Diobel
Diomond
Dion
Diondion
Diory
Diotin, Guiotin
Dioute
Dipson
Diricie, Duriche
Disara
Dissosser, Dissossier
Distrou
Ditbasaille
Ditto
Ditty, Dity
Dival
Divineau
Diègue, Dièque
Diète
Diében
Diépois
Diéron
Djon
Doca
Docan
Docaut
Doceau
Docine
Doco
Docor
Docossière
Docot
Dodard
Dodel
Dodier
Dodin
Dodira
Dodron
Dofine
Dofiná
Doge
Doguen
Doguine
Dol
Dolan
Dolant
Dolcé
Dolette, Dorlette
Dolian
Dollin
Dolo
Dolouet
Domaille
Domeran
Domic
Domicile
Domigue
Dominable
Domingo
Domingue, Dominque
Dominique
Domon
Domond
Dompté
Don Diègue
Don l'Amitié
Donard
Doncor
Dondon, Commune de Dondon
Donis
Donjon
Donneau
Donte
Dony
Donyen
Donyer
Dopré
Dopsan
Dorcé
Dorfeull
Dorlon
Dormante
Dorson
Dorval
Dory
Doré
Dos Baille, Nan Baille
Dos Bambou
Dos Blanc
Dos Bobo, Bobo
Dos Bois Rouge
Dos Bois d'Orme
Dos Bois-Pin
Dos Calé
Dos Camp
Dos Chameau, Dos Dameau
Dos Chapelle
Dos Citron
Dos Corosse
Dos Croix
Dos Dimanche
Dos Garde
Dos Gravier
Dos Lamarre
Dos Lanni
Dos Latarice
Dos Leron
Dos Malice
Dos Manoir
Dos Marotte
Dos Masse
Dos Morne, Dosmornes
Dos Palais
Dos Palme
Dos Parc
Dos Paul
Dos Petit Mil
Dos Pilon
Dos Pomme
Dos Poste
Dos Pâques, Dos Paque
Dos Rada, Dorade
Dos Rade
Dos Roche
Dos Roye
Dos Rutais
Dos Sanon
Dos Savane
Dos Ti Bois Pin
Dos Zaboca
Dos d'Âne
Dos l'Amour
Dos la Flor, Dos La Fleur
Dosmont, Colonie Agricole Dosmont, D'Osmond, Ti Dosmond
Dosny
Dossac
Dossan
Dossous
Dot
Dotie
Douane
Douat
Double Saline
Doublet
Doucet
Douche
Douette
Dougas
Dougoudou
Dougé
Douillard
Doujac
Doumbou
Doute
Douter
Douya
Douyac
Douyette
Douyon
Douzil, Douzuil, Douzvil
Doval
Doverne
Doyon
Dramane
Dressic
Drice
Droit
Drouet
Drouette
Drouillard
Drouin
Drouyar
Du Charbe
Du Conge
Du Fossé, Dufossé
Du Parc, Duparc
Du Rossey
Dual
Dubaros
Dube, Turbé
Dubedou, Duberou
Dubel
Dubert
Dubic
Dublé
Dubois
Dubosse
Dubourg
Dubousquet
Dubout
Dubreil
Dubresil
Dubreuil
Dubroye, Dubrouyé
Dubré
Dubuisson
Duc
Ducabon
Ducabron
Ducanelle
Ducasse
Duchaninoir
Duchat
Ducheine
Duchemin
Duchity
Duchène
Ducis
Duclas
Duclerac
Duclerc, Duclair
Duclos
Duco
Ducoin
Ducoste
Ducourt
Ducroix
Ducrosse
Dufailly
Dufally, Défally
Dufor
Dufort
Dufortin
Dufossac
Dufour
Dufrenay
Dufresnay
Dugard
Dugaslin
Dugazon
Dugléro
Dugourné
Dugué
Dujour
Dulaurier
Duline
Duller
Dulmene
Dulno
Dumaille
Dumany
Dumas
Dumay, Carrefour Dumay
Dumazar
Dumeau
Dumesse
Dumini
Dumiso
Dumoi, Dumor
Dumol, Dunol
Dumond, Dumont
Dumornay
Dumoté
Dumoulin
Dumulseau
Dumusat
Duni
Dunère, Dunebre
Duparty, Dupaty
Duperrier
Dupille
Dupin, Ka Dupin
Dupitraye
Dupity
Duplan
Duplantin
Duplessis, Duplette
Duplessy
Dupont
Dupont Diègue
Duportail
Dupouille
Dupras, Duprate
Dupré
Dupuis, Source Dupuy
Dupuy
Dupérac
Dupérier
Dupéron
Duquesnin
Durand
Durant
Duranton
Duraux
Duris
Durissy
Durivier
Duro
Durocher
Durochette
Duronceley, Durouseley
Durèze
Dussable
Dussinte
Dutcyac
Dutil
Dutout
Dutrejet
Dutreuille
Dutruche, Dautruche
Duty, Gallois
Duval
Duval Blanc
Duval Jacques
Duval Roche
Duvallon
Duvaranne
Duverger
Duverneuille, Duveineuille, Duverneville
Duverni
Duverny
Duversin, Duvesin
Duvet
Duvier
Duvignal
Duvineau
Duvivier, Duvivior
Duvoisin
Duvray, Quvray
Dya
Dácceull
Dène
Débarasse
Débarcadère
Débas
Débauche, Débaucher
Débaye
Débocher
Déboire
Débouché
Déboulaye
Débrica
Décade
Décan
Décassière
Décayette
Décembre
Décid
Décidou
Décidé
Déclin, Savane Déclin
Décombre
Décombre Langlois
Décon
Décosse
Décossière
Décotelette
Découret
Découvert
Découverte
Décès
Défaille
Défilé
Défraille
Dégan
Dégence
Dégot
Déjac
Déjean
Déjoie
Délabré
Délatre
Délice
Délinois
Délize
Délorme
Délugé, Mont Rouis
Délé Grando, Dalegrand
Délété, Delédé
Déma
Démarague
Démarais
Démare
Démon, Deimon
Démotelle
Dénard
Dépas, 5ème Section Despas, Cinquième Section Despas, Despas
Dépôt
Dérac, Lagnon
Dérence
Déreranc
Déricourt
Déro
Dérobri
Dérodière
Déron
Déronville
Déroulin
Déréal
Désarmes, Désarme, Marché Désarmes
Désile
Désir
Désiré
Désolé
Désormeaux
Déssable
Détour
Détrit
Détrouille
Dévarieux, Carrefour Desvarieux
Dévot
Eau Carrée
Eau Contrée
Eau Coupée
Eau Gaillée
Eau Garice
Eau Rameau
Ecole Etzer vilaire
El Bail
El Bay
El Blanco
El Coq
El Roy
Eloi
Embouchure
En Bas
En Bas Buisson
En Bas Cahos
En Bas Caimite
En Bas Coudre
En Bas Figuier
En Bas Jardin
En Bas Lagon
En Bas Madame
En Bas Mare, Embas Mare
En Bas Morne, Embas Morne
En Bas Raf
En Bas Saline
En Bas de l'Eau, En Bas d'lo
En Haut Ravine
En Haut la Hatte
Encoma
Enna
Ennery, Commune d'Ennery, Ennri
Epin
Escamel
Espébac
Espéri
Ester
Esteve
Estinville
Estral
Estère
Estère Dere
Evin
Fabias
Fabien
Fable
Fabre
Face au Nord
Facoun
Fageol
Faguet
Faible
Faille
Faisor
Faisson
Falaise
Faligan
Fancrelle
Fantaisie
Faraion
Fatgunt
Faubeau
Fauché, Carrefour Faucheux, Carrefour Fouché
Faudoise
Faustin
Favette
Favier
Favouel
Fayette
Façonnoire
Fer à Cheval
Ferceval
Ferlen
Fermathe, Fermate
Ferme De Bois Gérard
Ferrand
Ferrier, Commune de Ferrier, Ferié, Fèrye
Ferrière
Ferrié
Ferry
Ferte
Fesle
Fessac
Fessade
Feu
Ficha
Fidèle
Figaro
Fignoie
Figuier
Figuler
Filac
Filbert
Fillette
Fingo
Flamands, Flamand
Flamin
Flandière
Flandre
Flandé, Carrefour Flandé, Poste de Flande
Flavil
Flaville
Flefe
Flervil
Fleurant, Flerant
Fleurenceau
Fleurette
Fleurimond
Fleuriot
Fleurissant
Fleurizor
Fleury
Flon
Florence
Flécher
Foccéli
Focodière
Fogas, Fogasse
Foloque
Fon Dè Nèg, Fond des Nègres
Fond Alezan, Fone Alezan
Fond Amadou, Fond Amadon
Fond Baptiste
Fond Bassin Bleu
Fond Belair
Fond Blanc, Fond Blane
Fond Bleu
Fond Bois
Fond Bois Pin
Fond Boucan
Fond Bourgeois
Fond Brian
Fond Brûlé
Fond Bœuf
Fond Cabrit
Fond Cap
Fond Chaleur
Fond Charles
Fond Chaîne
Fond Chevalier
Fond Châtelain, Fond Chatelin
Fond Cicile
Fond Cirouelle
Fond Citron
Fond Cochon
Fond Coq
Fond Coti
Fond Coupeau
Fond Cuivre
Fond Dennas
Fond Diable
Fond Digo
Fond Douze
Fond Droit
Fond Dubois
Fond Duline
Fond Dupont
Fond Duroc
Fond Déron, Fonderon
Fond Ferier
Fond Ferrier
Fond Fleury
Fond Frais
Fond François
Fond Février
Fond Georges
Fond Gondol
Fond Goriose
Fond Gouin
Fond Grande Rivière
Fond Grandeur
Fond Grandin
Fond Guillaume
Fond Gérard
Fond Ibo
Fond Jale
Fond Jogue
Fond Justin
Fond La Coupe
Fond Lachaux
Fond Lafleur
Fond Lagon
Fond Lagrange
Fond Laporte
Fond League
Fond Lecturne
Fond Lema
Fond Li Gras
Fond Liane
Fond Lundi
Fond Major
Fond Mamba
Fond Mapou
Fond Maricile
Fond Mars
Fond Melon
Fond Mentin
Fond Merle
Fond Mombin
Fond Moreau
Fond Morel
Fond Moriane
Fond Moré
Fond Nabote, Fond Habote
Fond Nicole
Fond Palmes
Fond Palmiste
Fond Papaille
Fond Parisien, Fond Perisien, Fonds Parisien, Fonds Parisiens
Fond Paul
Fond Perrier
Fond Picard
Fond Pierre
Fond Pierrot
Fond Pin Paris
Fond Piquant
Fond Plaisir
Fond Polite
Fond Ragé
Fond Ramadou
Fond Randol, Fond Rondole
Fond Richemond
Fond Roche
Fond Rouge
Fond Roye
Fond Rémosin, Fond Remonsin, Fond Remoussaint
Fond Sable
Fond Salnave
Fond Sanse
Fond Sarasin, Fond Sarazin
Fond Soie
Fond Sourette
Fond Ti Bonheur
Fond Ti Cousin
Fond Tina
Fond Tortue
Fond Toussaint
Fond Tristan
Fond Trou Jacques
Fond Trouin, Trovin
Fond Vert
Fond Vert Pré, Fond Vertré
Fond Zombi
Fond d'Enfer
Fond d'Icaque, Fond d'Acaque
Fond des Blancs
Fond des Frais, Fond des Freris
Fond des Mornes
Fond la Coupe
Fond-des blancs soccer stadium
Fondin
Fonds Cede
Fonds Cheval
Fonds Pierre
Fonds Pite, Fond Pite, Fond Pitte
Fonds Ravet
Fonds Souche
Fonds Verrettes, Fon Vèrèt, Fond Verrettes, Fonds Verettes, La Mission
Fonfrède
Fontaine
Fontenelle
Force Lamarre
Forest
Foreste
Forestier, Foretlen
Forge
Forge Dosdon
Forment
Formond
Formont, Formon
Fort
Fort Anglais
Fort Bely
Fort Ducot
Fort Gobard
Fort Jacques
Fort Liberté, Fort-Dauphin, Fòlibète, Ville de Fort Liberté
Fort Léogane
Fort Mercredi
Fort Ogé
Fort Refuge
Fort Royal, Port Royal
Fort Saint Michel
Fort à Grange
Fortin
Fortuna
Forêt des Pins
Fosse
Fossine, Fessine
Fouache
Foucade
Foucan
Foucaud
Foucauld
Foudoche
Fougère
Foullon
Fouquette
Fouquoi
Fourcand
Fourgasse
Fourien
Fourju, Fourjy
Fourneau, Fourneaux
Fouron
Fourreau
Fourrien
Fourrier, Fournier
Fraise
Francillette
Francisque
Frangipane, Frachipagne
Franklin
François
François Mort, François Morte
François Pierre
Fraîche
Fraîcheur
Fremont
Frerel
Fressac
Fripo, Flipo
Frères
Frécineau, Frecynau, Freycinau, Freysineau
Fréneau
Fréta
Fréto, Foueto
Funel, Frénel
Furcy
Fusette
Fèbe
Fève
Fèvre
Féca, Ferra
Fécan
Féda
Fégé
Félician
Félipé, Rodio Félipé
Félix
Féo
Féquière
Férace
Féroncy
Fétiche
Gabaille
Gabare, Gabaret
Gabaud
Gabon
Gabriel
Gaby
Gaderas
Gageole
Gagnant
Gaillac Penché
Gaillard, Guaillard, Guiallard
Gaille
Gaillefort
Gala
Galata
Galatas
Galbert
Galbo, Galbaud
Galbois
Galby
Galerie
Galette
Galette Sèche
Galette Tourneau
Galgal, Galgale
Galifète
Galilée
Gallette
Gallifet, Galiffet
Galment
Galois
Gaman
Gamelle
Gandou
Ganeré
Ganthier, Commune de Ganthier, Gantier, Gantye
Gapi
Gara
Garapin
Garat
Garate
Garcin
Garde
Garde Augustin
Garde Bance
Garde Baptiste
Garde Biassou
Garde Brulée
Garde Camp
Garde Campêche
Garde Canot
Garde Champêtre
Garde Chérident
Garde Cognac
Garde Cote
Garde Gendarme
Garde Joanem
Garde Jumeau
Garde Midite
Garde Mombin
Garde Remy
Garde Salnave
Garde Savane
Garde Sixième, Carrefour Garde Sixième
Garde Sévere
Garde Terme
Garde Victorine
Garde Yram
Garde l'Acul, Acul
Garde la Victoire
Garde à Blanc
Garde à Souane
Gardes à Georges
Gardier, Cardier
Gardle
Gardois
Gardot Michel
Gardère
Garette
Gargite
Garicher
Garien
Garienne
Garlen
Garnier
Garot
Garotie Galbo, Garotie
Garotte
Garozy
Garrata
Garreau
Garrot
Gary
Garçon Pas Chita, Garçon Pa Chita
Garécher
Gascon
Gaspard
Gaspi
Gasse
Gastel
Gaston
Gasuire
Gatereau
Gatimo
Gatineau
Gaudet
Gaudin
Gaumal
Gauthier, Jonc Gauthier
Gauvin
Gauvry
Gayatant
Gaïac
Geffrard, Geffrad
Gelée
Geney
Genivrée
Genoailler
Gens de Nantes, Trou Jean de Nantes
Gentilhomme
George Callebassier
Georgeon
Georges, Gerges
Georges Jean
Georgette
Gerbe à Flèche
Germain
Germon
Germont
Gervais
Gerve
Gervet
Gilbert
Gile Gué
Gilette, Gillette
Gilgot
Giligo
Gillote, Gilote
Gilot
Gimballe, Guimbale
Ginerte
Ginette
Gingembre
Gira
Giraud
Giraumon
Girodier
Giromond
Gisette
Glace
Glacis Couro
Glaise
Globe
Globine
Glore
Glorie
Glunsbeau
Goala
Goanide
Goatable
Gobert
Gobin
Gobé
Godan
Gode
Godefroy
Godet
Godin
Godrie
Goma
Goman
Gombo
Gomez
Gomier
Gommier
Gonaïves, Gonayiv, Les Gonaïves, Ville des Gonaïves
Gond
Gonda
Gonde
Gondoyer
Gongori, Gongory
Gony
Goran
Gorecher
Goree
Gori, Gori Manoir
Gory
Gosse
Gottin
Gouary, Gouard
Gouave
Goude
Goudin
Goufon
Gougeon, Cougeon
Gouillomet, Gouillomel
Gouimbère
Gouin
Goujon
Goulin
Goulo
Gounote
Gounotte
Gouord
Gourde
Gourdet
Gourdin
Gourel
Gourguel
Gouré
Gousse
Gouyvier
Govin
Goyable
Goyard
Goyavier, Guayavier
Goyine
Grabaille
Gracia
Gradis
Gramand
Grand Acul
Grand Air
Grand Anse
Grand Bangnin
Grand Bassin
Grand Bois, Goabarie
Grand Boucan, Gran Boucan, Gran Boukan, Grand Boucon
Grand Boulaille
Grand Caille
Grand Castilleur, Castilleur
Grand Chemin
Grand Chimin
Grand Chêne
Grand Corail
Grand Diable
Grand Dieu
Grand Doco
Grand Dolle
Grand Drive, Grande Drive
Grand Duc
Grand Décor
Grand Fond, Grand Fonds
Grand Fond Delmas
Grand Fond Ti Noël
Grand Gosier, Commune de Grand Gosier, Gran Gozye, Grand Gossier, Grande Gosier
Grand Goude
Grand Gouffre
Grand Jean
Grand L'Islet
Grand Lagon, Grand Eagon
Grand Loi
Grand Mane
Grand Mapou
Grand Mare
Grand Mat
Grand Mata
Grand Pique
Grand Place
Grand Plateau, Grand Plato
Grand Platon
Grand Port
Grand Pré
Grand Rac
Grand Rack, Grand Rock
Grand Roc
Grand Sable
Grand Sceaux
Grand Trou
Grand Vide
Grand de l'Eau, Grand D'Lo
Grand l'Étang
Grand État
Grande
Grande Anse
Grande Baie
Grande Barrière, Grand Barrière
Grande Café
Grande Caille
Grande Cayes
Grande Colline
Grande Croix, Grand Croix
Grande Crête
Grande Falaise
Grande Genre
Grande Hatte
Grande Joune
Grande Mahotière
Grande Monbin
Grande Paillette
Grande Passe
Grande Place
Grande Place Leroy, Grand Place Leroy, Grande Place Larry
Grande Plaine
Grande Ravine, Grand Ravine
Grande Rivière
Grande Rivière de Nippes
Grande Rivière du Nord, Commune de Grande Rivière du Nord, Grand Riviere, Grann Rivyè di Nò, Ville de Grande Rivière du Nord
Grande Saline, Commune de Grande Saline, Grand Saline, Grann Salin, Ville de Grande Saline
Grande Savana
Grande Savane, Grand Savane, Grande Savanne
Grande Savanette
Grande Source
Grande Terre
Grande Tête Rouge, Grand Tête Rouge
Grandeun
Grandin
Grandois
Grandoit
Grandon
Grandou
Grandécor
Granger
Grangwav, Commune de Grand-Goâve, Grand Goâve, Grande Goave
Granmote
Gras
Gras del'Eau
Grasset
Grassette
Gratiné
Grave
Gravelot
Grenadière
Grenie
Grenier
Grenodin
Gresseau
Gressier, Commune de Gressier, Gresye
Gressot
Griffon
Grignan
Grignin
Grigri
Grillier
Gringotte, Gringolle
Gris-Gris
Grison
Grison Garde
Grivo
Grobe
Gros Balance
Gros Bassin
Gros Bois
Gros Cabrit
Gros Cajou
Gros Charles
Gros Cheval
Gros Citerne
Gros Coui
Gros Dos
Gros Figuie
Gros Figuier
Gros Gaillac, Gros Gayac
Gros Goda
Gros Laboue
Gros Latanier
Gros Liane
Gros Mangle
Gros Mango
Gros Mapou
Gros Marin, Carrefour Gros Marin
Gros Morne, Commune de Gros Morne, Gromòn
Gros Moulin
Gros Mât, Gros Mats
Gros Raisinier, Raisinier
Gros Sable
Gros Saut
Gros Thème
Gros Trou
Gros Vignon
Gros Voûte
Gros l'Abîme, Gros Labine
Grosse Chaudière, Carrefour Gros Chaudière, Carrefour Grosse Chaudière, Gros Chaudière
Grosse Lione
Grosse Pierre
Grosse Pièce
Grosse Plaine
Grosse Roche, Gros Roche
Grosse Source
Groupy
Grovier
Grundet
Grève
Gréffin
Gréfin
Grépin
Guabite
Guabobe
Guadabier
Guan
Guanide, Guanite
Guibert, Guilbert, Guimbert
Guichamp
Guichard
Guignace
Guignon
Guilbeau
Guillard
Guillaume
Guillaumond, Guillaumonde
Guillerme
Guilleron
Guillette
Guillote
Guillourt
Guilloux
Guillème
Guilmi
Guimbi
Guimby
Guimple
Guinaudée, Haut Guinaudée
Guion
Guirand
Guiteau
Guiton, Guitton
Guitonière
Guldive Garre
Gulguite
Gullouette, Guilouette
Gumérin
Gustave
Gustin
Guy Fontaine
Guyenne
Gué Bourget
Guédo
Guépin
Guéri
Guérin
Guêpe
Guêtre
Gâteau
Gâteau Morne Blanc
Gédé
Gélin
Génères, Genere
Génèresse
Gérard
Gêne, Genne
Gêpe
Habitation
Hache
Hachie Sauvage
Halivert
Halory
Hamel
Handral
Harry
Hasco
Hatier
Hato Nuevo, Halto Nuevo
Hatte
Hatte Barbe
Hatte Bellangé
Hatte Borel
Hatte Bourgogne
Hatte Cadet
Hatte Cantave
Hatte Chapeau
Hatte Chevalier
Hatte Chevaux, Hatte Chouraou
Hatte Cotin
Hatte Dimanche
Hatte Dimisseau
Hatte Drouillard
Hatte Dufort
Hatte Dumornay
Hatte Esmangal
Hatte Gibert
Hatte Grammont
Hatte Jacquot
Hatte Joli Bois
Hatte Lathan, Hatte Lathan Balan
Hatte Marie
Hatte Mombrun
Hatte Policarpe, Hatte Policarre
Hatte Père
Hatte Robert
Hatte Roche
Hatte Ti La Colon
Hatte Ti Louis
Hatty
Haut Baille
Haut Bassin
Haut Bois
Haut Bouc, Bas Bouc
Haut Dos
Haut Duble
Haut Dufort
Haut Dupuy
Haut Déhène
Haut Fort
Haut Fourneau
Haut Fève
Haut Garde
Haut Garien
Haut Gouape
Haut Jacob
Haut Jonc
Haut La Croix
Haut Marré, Haut Mare
Haut Morne
Haut Moustique
Haut Peroux
Haut Piton
Haut Piège
Haut Place
Haut Platon
Haut Saut d'Eau, Sodo
Haut Villote
Haut de l'Eau
Haut du Cap
Haut du Four
Haut du Trou
Haute Place
Haute Roche Grande, Haut Roche Grand
Hautes Feuilles, Hautes Fouilles, Hauttes Feuilles
Hemboucot
Henry
Herbe Guinée, Zerbe Guinée
Herbe Rasoir
Herbe à Bleu
Herbes Marines
Herbes Rasoirs
Hermanie
Hervé
Hess
Hilaire
Hinche, Commune de Hinche, Ench
Homme de Paille
Honoré
Horier
Houck
Hoye
Hubert
Hyacinthe
Icaque
Icaques
Ignace
Iladan
Imbert
Imbo
Imby
Ingrand
Inviter
Ire
Irlan
Israël
Ivan Narron
Ivoire
Jaboin
Jabouin
Jacasse, Jacquasse
Jackson
Jacmel, Commune de Jacmel, Jakmèl
Jacob
Jacot
Jacouman
Jacques
Jacquesil, Jacquesy, Jacquezy
Jacquet, Jacquef
Jacquin
Jacquitte
Jacquot, Jaco
Jaloule
Jalousie
Jambon
Jammeau, Jameau
Janain, Janin
Janette
Janvier
Jardin
Jardin Bois
Jarvel
Jasme
Jasmin
Jauge
Javel, Davel
Jean
Jean Baptiste
Jean Bellune, Jean Belevue, Jean Bélune
Jean Boirond
Jean Brulée
Jean Carrié
Jean Charles
Jean Clair
Jean Cour
Jean Denis, Carrefour Jean Denis
Jean Démare
Jean Démas
Jean Gillette
Jean Hou
Jean Jacques
Jean Laurent
Jean Louis
Jean Macoute
Jean Marie
Jean Maître
Jean Mevy
Jean Nite
Jean Noël
Jean Patate
Jean Pierre
Jean Rabel, Commune de Jean Rabel, Jan Rabèl
Jean Sac
Jean de Gros
Jean-Baptiste
Jean-Jean, Jan Jan
Jean-Rabel, Jan Rabèl, Ville de Jean Rabel
Jeanette
Jeanjean
Jeanne
Jeannette
Jeannin
Jeannot
Jeanroui
Jeantelotte, Chantelotte
Jeantillon
Jeantillote
Jeantin
Jeanton
Jeanty
Jecquet
Jedehonie
Jemeil
Jerusalem
Jessin
Jet d'Eau
Jeudi
Jeudy
Jigote
Jilling
Jimbi
Jimoun
Jo Fourneau, Jo Forneau, La Forneau, La Fourneau
Joanem
Joanneau
Joassaint
Jodipe
Jogue
Johanisse, Joanisse
Joli
Jolibois
Jolie
Joliette
Jolimar
Jolitrou, Le Jolitrou
Jolivert
Joly
Joly Guibert
Jonas
Jonc
Jonc des Mornes
Jonca
Joncham
Jondry
Jonette
Jonka
Joseph
José
José Pery
Jouanau
Joublette
Joulin
Joupatonil, Joupa Tonie
Jour
Jourdain, Joudain
Jourdan
Jourdin
Journu, Journy
Jourvence, Dourvence
Joute, Carrefour Joute
Jovin
Juampas, Carrefour Juampa, Carrefour Wampa, Jympa
Juana
Juge de Paix
Jules
Julien, Joulien
Juliette
Julinette
Julo
Jumeau
Jumeaux
June Paillet
Jura, Jurand
Jurou
Justance
Jérémie, Jeremi
Jésus
Ka Antoine
Ka Boffe
Ka Boucan
Ka Brice
Ka Cano
Ka Cola
Ka Dieu
Ka Flipe
Ka Fort
Ka Hilaire
Ka Hutte
Ka Joeph
Ka Lacour
Ka Lafie
Ka Lafond
Ka Louis Jeune
Ka Loup
Ka Madame
Ka Michaud
Ka Nore
Ka O Shiel
Ka Pamarque
Ka Paul
Ka Philippe
Ka Raymond
Ka Robin
Ka Roy
Ka Soleil
Ka Tanbour
Ka Trouillot
Ka Zabeth
KaKok, Cacoq, Cacor, Caille Coq, Ka Coq
Kabeille
Kadroual
Kalami
Kamasse
Kasoi
Kavanak
Kenscoff, Commune de Kenscoff, Kenskoff, Kenskòf
Koa
Kobé
Kola
Kotdefè, Commune de Côtes de Fer
Koto, Arrondissement des Côteaux, Commune des Côteaux, Coteau, Les Coteaux
L'Abbey
L'Abbé
L'Acrobate
L'Acul
L'Amy
L'Amérique
L'Anneau
L'Anse Colin
L'Aqui
L'Arabe, L'Abe
L'Arbre
L'Ardoise
L'Asile, Asile, Commune de l'Asile, Lazil, Ville de l'Asile
L'Autre Bord Rivière
L'Autre Bord de l'Eau, L'autre Bord D'l'eau
L'Avenir
L'Eau Calme
L'Eau Gaillée
L'Ermitage
L'Ermitte, L'Ermite, Mate L'ermite
L'Esclave
L'Estère, Lestè, Pont de l'Estère, Pont l'Estere
L'Estère Large
L'Hermitage
L'Hermite
L'Homond
L'Hôpital
L'Islet
L'Obéissance
L'Oiseau
L'Usine
L'Échange
L'Écuyer
L'Épinard
L'Épine
L'Étable
L'Étang
L'Éternel
L'Éveillé
L'Évêque
L'Îlet, L'llet
La Allstère
La Baise
La Baleine
La Barette, La Barrette
La Baronne
La Basse
La Bastille
La Bataille, Bataille
La Baudry
La Belle Mère
La Bellevue
La Bellone
La Biche
La Bissainthe
La Boga, Morne Boga
La Bohan
La Boicate
La Bonne
La Bonnetière, La Bontière
La Boqué
La Borde
La Bordette
La Borne
La Boucher
La Boudiac
La Bouie
La Boule, Pla Boule
La Boutique
La Branle, Carrefour la Branle, Labrande
La Brousse
La Bru, La Brue
La Bruyère
La Bègue
La Cab
La Cahouane
La Calombe
La Cange
La Canhit
La Carne
La Carrière
La Castaigne
La Cayenne, Lacayenne
La Chaise
La Chambre
La Chapelle, Commune de la Chapelle, Lachapèl
La Chaudière
La Chaîne, La Chain
La Chevalerie
La Chicotte
La Cide
La Cité, La Citée
La Colline
La Condé
La Congo
La Corail
La Corne
La Cosse
La Coude
La Coudre
La Couleuvre
La Couline
La Coupe, Platon La Coupe
La Coupe Joseph
La Cour
La Cour Broca
La Cour Chocho
La Cour Diament
La Cour Dupin
La Cour Gadichon, La Cour Cadichon
La Cour Grande Rivière, Grande Rivière Cours
La Cour Joseph
La Cour Longue
La Cour Nicolas
La Cour Paletot, Lacour Patelot, Paletot
La Cour Périsse
La Courbas
La Couture
La Croc
La Croix
La Crête
La Cuerbe
La Cyplaîne
La Dame
La Denton, La Danton
La Desfob
La Destob
La Diablesse, La Diablesa
La Digue
La Dimette, La Dinette
La Domate
La Douce
La Doucette
La Déca
La Désir
La Fague
La Faille
La Femme
La Ferme
La Ferme Blanchard
La Ferrière
La Ferronay, La Ferronnay
La Fifuay
La Fige
La Finca
La Fitte
La Fièvre
La Fleur
La Fleur du Sept
La Fontaine
La Force
La Forestière
La Forestrie
La Fortune
La Forêt
La Fosse
La Frésilière
La Fuite
La Galome
La Garde
La Gardule, La Cardule
La Garenne, Garene, La Garène
La Gaudray
La Genevré
La Girau
La Goas
La Gombrie
La Gombrit
La Gosseline, Fond Gosseline
La Gossette
La Goudry
La Goune, La Gourne
La Gounette
La Goutte
La Grandeur
La Grange
La Grenade
La Grousse
La Guardiane, Laguardiane
La Hague
La Hatte
La Hatte Cadette
La Hatte Drouillard
La Hatte Foucault, Hatte Foucald, La Hatte Poucault
La Hatte Jean
La Hatte par le Roy
La Hine, La Hina
La Homane
La Hoye
La Jambette
La Jamblette
La Jeune
La Joie
La Jumelle
La Lande
La Liberté
La Loima Source
La Lome
La Magueye
La Marche
La Mardelia
La Marre
La Mecette
La Mer Sept
La Mercie
La Monge
La Mont
La Montagne
La Noire
La Odissee
La Pagru
La Paix
La Pallière
La Partie
La Passe
La Patrie
La Perrière
La Petite Anse
La Petite Plaine
La Pierre
La Pila
La Place
La Plage
La Plaine
La Plange
La Plate
La Plateforme, La Plateform
La Playe
La Pointe
La Pollière
La Pombrée
La Porte, La Port
La Préville
La Pègne
La Père
La Pôte
La Qouis
La Rate, La Ratte, Rate
La Ravine
La Ray
La Ressource
La Revoir, La Revoie, La Revoire
La Rifi
La Rivière
La Rivière Cola
La Robe
La Roca, La Roka
La Roche
La Rochelle
La Rochiquite
La Rock
La Roco
La Rode
La Roque
La Rose
La Roselière
La Rou Pay
La Rue
La Régale, La Régal
La Réserve
La Sainterie
La Saline
La Salle
La Salle Geffrard
La Salle Petite Place, La Salle Pointe Place
La Saut
La Savatte
La Selle
La Seringue, Habitation Seringue
La Serre
La Sienne
La Sise
La Solable, La Solabe
La Soudray
La Soufrière
La Source, The Spring
La Source Igname
La Souris
La Sucrerie Henry
La Suisse
La Sève
La Table
La Tablie
La Tendrie, La Tendric
La Ti Place
La Tierra
La Tigre
La Toilette
La Toison
La Tombe
La Tonnelle
La Tour
La Tournelle, La Tournele
La Tourte, La Tourne
La Trembaye
La Tremblay
La Très Sainte
La Vache
La Vacherie
La Valière
La Vallée
La Vallée de Jacmel, Lavale Jakmèl
La Verdure
La Verte, La Vert, Lavert
La Vertu
La Victoire, Commune La Victoire, La Viktwa
La Victor
La Vigie
La Ville
La Visite
La Vitre
La Volonté
La Voute
La Voûte Miguette
La Yaille
La Yaye, La Ilagua, La Llagua, La Yagua
Labadi
Labadie, Labadee
Labady
Labarette
Labarrière
Labate
Labatte
Labaye
Labeille
Labelle, La Belley
Labeye
Labiche
Labier
Labissiere
Labitte
Laboc
Laborde
Laborieux
Labosse
Labrousse
Laby
Lacabouille
Lacabri
Lacachine
Lacadonie
Lacet
Lacetague, Lacetaque
Lacheteaux, Cacheteau
Lachicotte
Laclose
Lacoc
Lacoma, Lagoma
Lacoman
Lacombe
Lacome
Lacorne
Lacossade
Lacosse
Lacoste
Lacoupe
Lacour
Lacroc
Lacroix
Ladoboc
Ladora
Laferney
Laferranday
Laferrière, La Ferriers
Laferronay
Laffite
Lafite
Lafiteau, Carrefour Lafiteau
Lafitte
Lafleur
Lafolestre
Lafond
Laforêt
Lafrance
Laférière
Lagaudray, Labaudray
Lagiromie
Lagoas
Lagoman
Lagon
Lagon Bazile
Lagon Brunette
Lagon Chien
Lagon Jonc
Lagon Laverdure
Lagon Péralte
Lagon Rouge
Lagonjonc
Lagorge
Lagoune
Lagradioule
Lagrou
Lagua
Laguam
Laguilde
Lagune Figuier
Lahaut Pays
Lahens
Lahoux, Laroux
Lalande
Lalane
Lalanne
Laleau
Lalia
Lallemand
Laloué
Lamandier
Lamandry
Lamanière
Lamarque
Lamarre
Lamartinière, Lamarty
Lamatry
Lambale
Lambert, Lamber
Lambi
Lamendier
Lamentier
Lamentin
Lamielle, La Miel
Lamine
Lamonge
Lamony
Lamore
Lamothe
Lamou
Lampré
Lamy
Lan Beurre
Lan Boucan
Lan Boulaille
Lan Chito
Lan Citron
Lan Claire
Lan Congé
Lan Gale
Lan Gaïac, La Gaïac
Lan Glade
Lan Mandou
Lan Mat
Lan Moleur, Moleur
Lan Moye
Lan Palme
Lan Pierrette
Lan Port
Lan Pose
Lan Quartier
Lanacouinte
Lancoste
Landry
Langlade
Langlaise
Langloire
Langlois
Langue
Langue Blanche
Lanny
Lanoix
Lanothe
Lanson
Lantage
Lanzac
Laou
Lapal, Lepal
Lapegon
Lapeigne
Lapierre
Laplante, La Plante, Laplants
Laporte
Lapre
Laquête Lamarre
Laran
Larenos
Larevoy
Laric
Larieux, Larrieux
Larincon, Lorincon
Lario
Laro
Larobe
Laroche
Larode
Laroi
Laroque
Larose
Larot
Larousse
Larry
Las Padou
Lascahobas, Commune de Lascahobas, Las Cahobes, Las Caobas, Laskawobas, Ville de Lascahobas
Lascandrique
Laserge
Lasième
Laspatrier
Lassalli
Lassante
Lassas
Lasse Pied
Lassière
Lasterre
Lastic
Lastic le Roche
Latan
Latanier
Latapy
Latchi, Lachi
Late
Lathème
Latibolière
Latie du Seau, Cul du Seau
Latine
Latines
Latique
Lato
Laton
Latour
Latrémare
Laudry
Laumont, Lhomon
Laurence
Laurenette
Laurent, Carrefour Laurent, Ka Laurent
Lauri
Laurier
Laury
Lauture
Laval
Lavalace
Lavalette, La Valette
Lavalette Dormand
Lavange, La Vange
Lavanneau, Lavaneau
Lavaud
Laveillé
Lavelanet
Laventin
Laville, Carrefour La Ville
Layaille, La Aille
Layaye
Layon Fon, Lagon Fou, Layon Fou
Lazare
Lazarre
Le Beau
Le Blanc
Le Brun
Le Canta, La Canta
Le Chat
Le Cid, La Cid
Le Conta
Le Dier
Le Duc
Le Franc
Le Gainelle, Legamelle
Le Higuey
Le Jardin, Lan Jardin
Le Mare
Le Pina
Le Pinay, L'Pine
Le Prêtre
Le Revoir, Larevoir
Le Rochel
Le Rock
Le Romain
Le Sault
Le Tiro, Tiro
Lebas
Lebon
Lebrun, Brun, Carrefour Lebrun
Leclerc
Lectine
Lefort
Lefranc
Lefèvre
Legrand
Legras
Legriel
Legros
Lejène
Lema
Leman
Lemoine
Lemou
Lenaire
Lenbe, Arrondissement du Limbé, Commune du Limbé, Le Limbe, Ville de Limbé
Lerocher
Leroux
Leroy
Lerrer
Les Abeilles, Los Abey
Les Abricots, Abriko, Ville de Apricots
Les Anglais, Commune des Anglais, Lèzanglè, Ville des Anglais
Les Basses, Au Bas
Les Cayes, Aux Cayes, Cayes, Okay, Ville des Cayes
Les Dattes
Les Fonds
Les Irois, Irois
Les Jardins
Les Lattes, Lattes
Les Palmes
Les Palmistes
Les Plaines, Aux Plaines
Les Platons
Les Pères
Les Rognes
Les Rois
Les Étroits, Pointe Etroit, Zetroits, Étroits
Lescamotier, Escamoter
Lesco
Lesseau
Lesson
Lexandra
Lexandre
Lexi
Lexy
Lezinc
Leïde
Lhomond
Lhérisson
Li Gras
Liancourt, Chapelle Liancourt
Liane Alcide
Liane Despeigne
Liane Panier
Liane Riche
Liane Trompette
Lianne
Liautaud
Liblanc
Libo
Libon
Libron
Libéral
Liciet
Licode
Lidialle
Lifete
Lifranc
Lifèbe
Lifèbre
Ligneul
Ligrand
Ligrin
Ligène
Lilas
Lilette, L'llet
Lillavois
Lima
Limaitre
Limba
Limbe
Limeau
Limet
Limette
Limonade, Commune de Limonade, Limonad
Lina
Lindor
Linette
Linton
Liquette
Lisaille
Lisainte
Lissade
Litisse
Livrette
Lizim
Lièvre
Lo Boato
Lo Maguille
Loba
Loby
Locacao
Locadi
Localité, Logalite
Locanone
Locapa
Locaret
Locarreur
Locarré
Lochard
Lociane
Locoral
Logabuen
Logadière
Logaillé
Logate
Logo
Loguay
Lohobe
Loirier
Loison
Lolo
Loma Copra, Loma Cobra
Loman
Lombard, Lombart
Lomenis
Lomontas
Lomoraine, Lomaraine
Lompré
Loncy
Lone, Lané
Longois
Longue Force
Longue Fosse
Longueste
Lopahon
Lopino, Lapino
Loquette Loga
Lorandu, Lorandon
Lorguesse
Lori
Lorier
Lorin
Loris
Lorman
Lormant
Lormon
Lorodiague
Lorrain
Lory
Los Cacaos
Los Caimitos
Los Mamons
Los Palis
Los Pines
Los Pinic
Los Pinite
Los Posos
Los Ratones
Losandieu
Losannone, Losangne
Lose
Losier
Loss
Loterie
Lotest
Loti
Lotier
Lottore, Lattore, Lotte
Lou Houx
Louaseau
Loubier
Louhou
Louis, Louie
Louis Départ
Louis Gilbert
Louis Ginnette
Louis Jasmin
Louis Jeune
Louisi
Louismé
Louitte
Lounou
Louoka
Lourou
Louroux
Loursin
Loutour
Lozier
Lubin
Lucas
Lucie
Lucienne
Luly
Lundi
Lundy
Lurette
Léandre
Léger, Lager
Légère
Lémaire
Léoceane
Léogâne, Leyogàn, Ville de Léogane, Yaguana
Léon
Léopold
Lépinard, L'Opinard, Lépinad
Lépine
Létance
Léveillé
Lévy, La Vie
Lévêque
Léyan
Ma Toute
Maberger
Mabord
Maboule, Maboulie
Mac Bonite
MacArthur
Macabit
Macabé
Macaisse
Macajou
Macanda
Macapin
Macaque
Macaron
Macary
Macaty
Macaya
Mace
Macean
Macha
Machabiel
Machicot
Machine
Machoquette
Macken
Macombe
Macome
Macou
Macrebo
Madame
Madame Beaugé
Madame Bernard
Madame Charles
Madame Constant
Madame Donne
Madame Georges
Madame Germain
Madame Jacques
Madame Jean
Madame Jean Joseph
Madame Jean Pierre
Madame Joie
Madame Julien
Madame Lazarre
Madame Legros
Madame Louis
Madame Marc
Madame Marin
Madame Pite, Madame Piti
Madame Si
Madame de Borne
Madame l'Estere
Madaniel
Madelaine
Madeleine
Madelon
Madeque
Madet
Madisse
Madokin
Madou
Madras
Madre Cité
Madrier
Maforouget, Maforouge
Magaeline
Maganda
Magasin
Magasin Dégan
Magasins
Magin
Magiste
Magna
Magnan, Mayant
Magny
Magot
Magriton
Maguana
Maguimbo
Mahnette
Mahot, Maho
Mahot Palmiste
Mahothière
Mahotière
Mahotière Piment
Mahotières
Mahous
Maillaman
Maillard
Maille
Maillette, Maiyette
Maillète
Mainviel
Mainville
Maison Neuve
Maisonneuve
Majon
Majonas
Major
Major Toussaint
Mala
Malabe, Malable
Malanga
Malary
Malbouc
Malbranche
Maledemon
Malen
Malential
Malette
Maleveille
Malfini
Malféty
Maligue, Malique
Malingre
Malo
Malogotan
Malori
Malpasse
Malpasse Taureau, Malepasse Taureau
Malrive
Malterie, Maltère
Malval
Malvezier
Malvive
Maléare, Moléare
Mambo
Mambouco
Mameiles
Mamezelle
Mamouset
Mamé
Manasan
Mancateau
Manceau
Mancenillier, Manceniller
Mancerille
Manda
Mandat
Mandon
Mandou, Mandrou
Mandrin
Mangnan
Mangnant
Mangou
Manguière
Mangé
Maniche, Manich, Moniche
Manime
Manioc
Manitel
Manneuille
Manneville, Maneville
Manniza
Manoailles
Manoil
Manoir
Manothe
Manou
Manquette
Manse Marie
Mansui
Mansuit
Manteau
Manteau Noir
Mantenoir, Mare Terre Noire
Mantrou
Manviel
Manvion
Manyan
Manyon
Manze Avril
Manze Bonne, Manza
Manze Marie
Manège, Manèze
Mapière
Mapou
Mapou Langloire
Mapou Simon
Maquis
Maquisard
Mar Morne Aquin
Marati
Marbial
Marbriole
Marc
Marc Aurèle, Marc Aurèlex, Mare Aurèle
Marc Caluc
Marc Rosane
Marcan
Marcel
Marcelin
Marceline
Marcelline, Marcellin
Marcelus
Marchal
Marchand
Marche à Terre, Roche Jaboin
Marché
Marché Canard
Marché Juste
Marché Louverture
Marché Léon
Marcorsi
Marcoux
Mard
Mardi Gras
Mare Bele
Mare Bizaton
Mare Blanche
Mare Bleu, Mare Bleue
Mare Bois Pin
Mare Bois d'Orme
Mare Brignol
Mare Bête
Mare Cachiman
Mare Café
Mare Cha-Cha
Mare Citron
Mare Colas
Mare Denis
Mare Doublé
Mare Déjeune
Mare Flanga
Mare Frise
Mare Gauthier
Mare Georges
Mare Gilot
Mare Goyave
Mare Henry
Mare Jacot
Mare Jauffrey, Mare Jaufre
Mare Jolie, Mare Joli, Mare Joly
Mare Kadeneau
Mare Kindou
Mare Laroche
Mare Laurent
Mare Legu
Mare Louis
Mare Louise
Mare Mahot
Mare Maringouin
Mare Millien
Mare Minerve
Mare Mouton
Mare Noire
Mare Orange
Mare Palmiste, Mare Palmistes
Mare Palmistre
Mare Piquant
Mare Plate
Mare Radar
Mare Ramier
Mare Roche
Mare Rouge
Mare Sac
Mare Sucrin
Mare Terrienne, Mare Terrien, Marie Terrien
Mare Ti Jardin
Mare Zabla
Mare Zanglais
Mare Zoranger, Mare Loranger
Mare l'Étang
Mare à Coiffe
Mareau
Marette
Marevoume
Marfranc
Margot
Marguerite
Maria Lapa
Mariane
Maribaro
Marie Arada
Marie Bobin
Marie Claire
Marie Congo
Marie David
Marie Joseph
Marie Louise
Marie Noël
Marie Pangnol
Marie Pierre
Marie Rose
Marie Thérèse
Marie Ti Coupe
Marie Ti Place
Marie-Rose
Marien
Marigot, Commune de Marigot, Marigo
Marin
Marinette
Maringoin
Maringouin
Marinnois
Marino
Mario
Marion
Marlene
Marlo
Marmelade, Commune de Marmelade, Mamelad, Marmeiade
Marmont, Fond Marmont
Maro
Marodia
Marolice
Marose
Marotte
Marou
Marouge
Maroulette
Marquis
Marquis Mara
Marquis Marat
Marre Rocou
Mars
Marseille
Marshall
Martel
Martial
Martillet
Martin, Martio
Martineau
Martinette
Martinique
Martino
Mary
Marécage
Maréchal
Masac
Mascary
Mason
Masouco
Massacre
Massambi
Massan
Massanga
Massaque
Masseau
Masseillan, Marseillan
Massi Cotte
Massica
Massola
Masson, Pont Masson
Masure
Mat Pal
Mata Pouert
Mataba
Matador
Mataka
Matanier
Mataprete
Matayer
Mate Pam
Matelac
Matelas
Matelgate, Maltegate
Matetraversa
Mathe Perette
Mathelier
Matheller
Mathias
Mathieu
Mathieux
Mathon, Mathone
Mathurin
Matiaca, Morne Matiaca
Matiche
Matier
Matileau
Matilo
Matin
Matinese
Matnurin
Matout
Matte Jouasse
Matthieu
Mauger, Guillaume Mauger
Maugis
Maugé, Mauge Pichier
Mauras
Maurecourt
Maurent
Mauric
Maurice
Maville
Mayan
Mayard
Mayaya
Mayembe
Mayer
Mayette
Mayisad, Commune de Maïssade, Maïssade
Mayo
Mayombé
Mayone
Mayotte, Méyotte
Mazambi
Mazenod
Mazile
Mazolière
Mazout
Mazères
Maçon
Maïs Borreau
Maïs Govin
Maïs Graisse
Maïs Pierre
Medaqui
Medcin
Medissant
Mehence
Meillac
Mellard
Melleses
Melon
Memadon
Menan
Mendos
Menfou
Menier
Meno
Menquette
Mental
Menthor
Mentrie
Mepady
Mer Frappée
Merac, Almerac
Meracie
Mercery
Merci
Mercredi
Mercure
Mercy
Merge
Merger
Mergere
Mergeron
Merlaine
Meroque
Mersan, Mersant
Merson
Mesidor
Mesilier
Mesle
Mesrocks
Meule Filée
Meunier
Meutor
Mexi, Méxique
Meyac
Meyance
Meyer, Meyerre
Miac
Michaud
Michel
Michelette
Michino
Michonne
Mide
Mignon
Mignone
Migon
Miguel
Mikel
Milfort
Milieux
Mille Lieux
Millette
Millo
Milord, Milond, Milor
Milot, Commune de Milot, Milo
Milscent
Mincerot
Minerve
Minet
Minet Laurent
Mineur
Minge
Mingnin
Mingny
Mingo, Mingot
Mingret
Mingrette
Ministre
Minière
Minnon
Minor Pays
Mirabelle
Miraculé
Miragoâne, Commune de Miragoâne, Miragwàn
Miran
Mirande
Mirault
Mireau
Mirebalaire
Mirebalais, Bourg Saint Louis, Commune de Mirebalais, Mibalè
Miseau
Mislet
Mission
Mitan
Mith
Miton
Miya
Miyaille
Mocan Neuf
Mocaya
Model
Modelle, Modele
Modeste
Modieu
Modren
Mogotte
Moguodé
Moincon
Moindre
Moinsa
Moisson
Mola
Moler
Molet
Molette, Mozette
Moline
Molière
Moléon
Momance, Momanc
Mombelle
Mombin
Mombin Crochu, Commune de Mombin Crochu, Momben Kwochi, Monben Kwochi
Mombrun
Mompoint, Monpoint
Mon Repos
Monac
Monarc
Moncey
Monclair
Mond
Mondelisse
Monder
Mondor
Mondésir
Moneau
Monery
Mongeal
Mongnon
Monjoli
Monnery
Monocite
Monoclas
Mononville
Monoré
Monquette
Monseigneur
Mont Bayard, Mombayard
Mont Guillot
Mont Gérard
Mont Ogé
Mont Premier
Montagnard, Montagnac
Montagne Carrée, Montagne Carré
Montagne Noire
Montagne Terrible
Montaigu
Montalibord, Montalbord
Montas
Montasse
Montaubois
Montclair
Monteau, Montegu
Montery
Montimar
Monto
Montoga
Montolon, Monfolon
Montreuil
Montrouis
Montulay
Montérant
Montòrganize, Commune de Mont-Organisé, Lassalle, Mont Organisé
Monvide
Monvil
Monville
Mora
Morasse
Mordet
Moreau
Morel
Morency
Morette
Morglic
Morin, Moraine
Morisseau, Morrisseau
Morisset
Morlant, Morlan
Mornbin
Morne
Morne Anglais
Morne Arman
Morne Aubin
Morne Avancé
Morne Bacon
Morne Baconnis
Morne Bambou
Morne Barroque
Morne Basse
Morne Beaumont
Morne Belair
Morne Bienac
Morne Birotte, Morn Birotte
Morne Blain
Morne Blanc, Habitation Morne Blanc
Morne Blanche
Morne Bongnin
Morne Bonhomme
Morne Bourrique
Morne Brice
Morne Cabane
Morne Cabone
Morne Calvaire
Morne Canal
Morne Canelle
Morne Canne
Morne Cannel
Morne Carnot, Morne Carnoi
Morne Cassa
Morne Cassé
Morne Chacha
Morne Charlante
Morne Charles
Morne Chatte
Morne Chéry
Morne Cirouel
Morne Coudol
Morne Dessources
Morne Diable
Morne Doré
Morne Dose
Morne Douet
Morne Duplessy
Morne Duvignal
Morne Déboire
Morne Dégat
Morne Dépré
Morne Folle
Morne Foucault
Morne Ganicha
Morne Gicard
Morne Gingembre
Morne Godetray
Morne Goman
Morne Goy
Morne Gramont
Morne Grand Bois
Morne Hercule
Morne Jac Accé
Morne Jacques
Morne Janvier
Morne Jean Jules
Morne Jolle
Morne La Pierre
Morne Langue
Morne Loco Ferrier
Morne Long, Morne Longue
Morne Louis
Morne Louissant
Morne Mapou
Morne Marchand
Morne Marino
Morne Menti
Morne Michel
Morne Minthor
Morne Nérette
Morne Oco
Morne Ouvrier
Morne Palmiste
Morne Papaye
Morne Parois
Morne Petit Cabrit
Morne Pierre
Morne Pierre Paul
Morne Pignon
Morne Piot
Morne Piton
Morne Pèlerin
Morne Pélissier
Morne Raboteau
Morne Radou
Morne Ramier
Morne Riveau
Morne Roche
Morne Rouge
Morne Roux
Morne Saint Armand
Morne Saint Laurent
Morne Saint-Fort
Morne Sale
Morne Sinaï
Morne Strouge
Morne Tete Boeuf
Morne Thomonde
Morne Ti Bois Pin
Morne Ti Paul
Morne Toureau
Morne Tracos
Morne Tuf
Morne Vendredi Saint
Morne Victoire
Morne Vincent
Morne Zerbe
Morne Zoranger
Morne a Boeufs
Morne aux Guêpes
Morne de Paille
Morne dos Malfini
Morne Étagé
Morne à Brûler
Mornertier
Moron, Bourg de Moron, Commune de Moron, Monwon, Ville de Moron
Morpeau
Morro, Moro
Morron
Mort
Mortel
Mosemberg
Motaca
Motoban
Motobant
Mouchette
Mouchinette
Mouette
Mouillage Anglais
Mouillage Fouquet, Mouillage Fougue
Moule à Manchette
Moulin, Chapelle Moulin
Moulin Bassin
Mouline
Mourazin
Mouri Corps
Mouscadi
Moussambe, Mousambe
Moussillac, Moussignac
Mousso
Moustique
Mouton
Mouyara, Mouyaka
Mové Zafé
Moyette
Moël
Moïse
Mule
Mulette, Mulet, Mullete
Muller
Mullet
Munitie
Murier
Musac, Mussac
Muselais
Musseau
Musso
Mussotte, Musotte
Mère, Mereé
Mère Solaille
Méance
Mécent
Médecignin
Médecin, Médecim
Médisant
Méditout
Médor
Mélanie
Mélier
Mélinette
Mélissant
Mélonienne
Mélé Filé
Ménage
Ménard
Ménélas
Mérande
Mérion
Méroc
Méron
Mérotte
Méry
Méréhil
Métellus
Métivier
Méyence, Mayence
Méyoc, Meniac
Méyè
Môle Saint-Nicolas, Le Môle, Le Môle Saint Nicolas, Mole Taint-Nicolas
Nabone
Nabos
Nabou
Nacou
Nadine
Nagossi
Naguesse
Nahan
Nallen
Nan Abbé, Nan l'bbé
Nan Abricot
Nan Aimé
Nan Alphonse
Nan Ananas
Nan André
Nan Anguille
Nan Augout
Nan Auguste
Nan Badaud
Nan Baguin
Nan Bambou
Nan Banque
Nan Bantier
Nan Bareau
Nan Baré, Nan Barré
Nan Bastrac
Nan Baudrin
Nan Bayahonde
Nan Bayard, Daynard
Nan Bazil
Nan Bellale
Nan Belé
Nan Benjamin
Nan Bento
Nan Besoin
Nan Bessy
Nan Binda
Nan Biton
Nan Blain
Nan Boca
Nan Boeuf
Nan Bois
Nan Bois Dine
Nan Bois Neuf
Nan Bois Pin
Nan Bois de Chêne
Nan Bois-Pins
Nan Bombe
Nan Bondieu
Nan Bonhomme
Nan Bonne
Nan Borde
Nan Borne
Nan Borrin
Nan Bota
Nan Boulaille
Nan Bourrique
Nan Bouton
Nan Bouzin
Nan Boyer
Nan Brûlé
Nan Bébé, Mapou Bébé
Nan Bélizaire
Nan Bête
Nan Cabone
Nan Cabri
Nan Cadastre
Nan Cadeau
Nan Cadet
Nan Café
Nan Cajou
Nan Calebasse
Nan Campe
Nan Campo
Nan Campêche
Nan Candio
Nan Canne
Nan Canot
Nan Carotte, Nan Carrotte, Nan Carrottee
Nan Carrefour, Nan Carrefoui
Nan Carré
Nan Case
Nan Casse
Nan Catte
Nan Cayemittes
Nan Caymites
Nan Chambeau, Chambeau
Nan Chamboum
Nan Chapelle
Nan Charles
Nan Charlot
Nan Chaîne
Nan Chipain, Chipain
Nan Château
Nan Cienne
Nan Cirouel
Nan Cirouelle
Nan Citadelle
Nan Cite
Nan Citerne
Nan Citron, Nan Criton
Nan Claire
Nan Clos
Nan Cochon
Nan Coco
Nan Cocoye
Nan Codette
Nan Cofi
Nan Coicou
Nan Colas
Nan Coma
Nan Commier
Nan Confort
Nan Content
Nan Contrée, Nan Contré
Nan Coq
Nan Cosole
Nan Cotie
Nan Coton
Nan Cotros, Nan Carros
Nan Cotton
Nan Coucou
Nan Couine
Nan Couline
Nan Couman
Nan Counouque
Nan Cour
Nan Coute
Nan Crapaud
Nan Croix
Nan Crête
Nan Da
Nan Dalle
Nan Daniel
Nan Dassier
Nan Dauphine
Nan Dessources
Nan Diamant
Nan Didier
Nan Digo
Nan Digue
Nan Dinde
Nan Dix-Huit
Nan Diègue
Nan Domingue, Nan Dominque
Nan Dompté
Nan Don
Nan Donna, Nan Gonna
Nan Doval
Nan Drapeau
Nan Drivé
Nan Ducheine
Nan Dumas
Nan Dupin
Nan Dupuy
Nan Duvers
Nan Déjour
Nan Emboucher
Nan Erzulie
Nan Fassé
Nan Figue
Nan Figuier
Nan Fillette
Nan Flore
Nan Foach
Nan Fond
Nan Fort
Nan Foubie
Nan Fougère
Nan Fourc, Nan Fouc, Nan Fouque
Nan Fourneau
Nan Francind
Nan Franger, Fragier
Nan François
Nan Fraîcheur
Nan Gabeau
Nan Galette
Nan Garde
Nan Garien
Nan George
Nan Georges, Georges Noel
Nan Gilot
Nan Glacis
Nan Godette
Nan Gorge
Nan Gorro
Nan Gouape
Nan Gouine
Nan Gousse
Nan Gouyave
Nan Gra
Nan Gramond
Nan Grand Bois
Nan Grand Goût
Nan Gris, Nan Gris Gris
Nan Grisgris
Nan Grié
Nan Grosse
Nan Guanal, Nan Gual
Nan Guape
Nan Guildive
Nan Guillaume
Nan Guillette
Nan Guinée, Nan Guinin
Nan Gustin
Nan Hac
Nan Hatte
Nan Hauteur
Nan Hilain
Nan Jacques
Nan Jamite, Man Jamite
Nan Jardin
Nan Jean
Nan Jean Charles
Nan Jean Louis
Nan Jean Pierre
Nan Joachin
Nan Jonc
Nan Joupa
Nan Joupas
Nan Joute
Nan Joye
Nan Jules
Nan Jumeau, Nan Jeremie
Nan Jésus
Nan Kinge
Nan La Boue
Nan Lacour
Nan Lafontant
Nan Lagon
Nan Laine
Nan Larne
Nan Latanier
Nan Lavaud
Nan Liane
Nan Limite
Nan Lion
Nan Lise
Nan Louis
Nan Lundi
Nan Macaye
Nan Madeleine
Nan Magloire
Nan Mahot
Nan Maillette
Nan Maillon
Nan Malgré
Nan Mambré
Nan Man Fou
Nan Mango
Nan Mangot
Nan Manilette
Nan Manioc, Nan Magnioc
Nan Mansolme
Nan Manuel
Nan Mapou
Nan Marais
Nan Marc
Nan Mare
Nan Margot
Nan Marot
Nan Marreau
Nan Marron
Nan Martin, Nan Matin
Nan Marécage
Nan Massacre
Nan Masse
Nan Masure
Nan Mathe
Nan Maçon
Nan Melfi
Nan Melon
Nan Melton
Nan Mely
Nan Michel
Nan Miel, Lan Miel
Nan Migoine
Nan Milhomme
Nan Mine
Nan Mirane
Nan Mirliton
Nan Molo
Nan Mombin
Nan Monchi
Nan Montasse, Nan Montas
Nan Moreau
Nan Morel
Nan Mouine
Nan Moulin
Nan Mouton
Nan Moye
Nan Mâts
Nan Nasseur
Nan Nicotte
Nan Noco
Nan Noël
Nan Pal, Nam Pal
Nan Pale
Nan Palme
Nan Palmiste
Nan Pangnol
Nan Pangue
Nan Papaye
Nan Paré
Nan Patate
Nan Paul
Nan Pave
Nan Pavillon
Nan Perdu
Nan Perle
Nan Perrine
Nan Philippe
Nan Picho
Nan Pierrette
Nan Pierri
Nan Pierrot
Nan Pilet
Nan Pion
Nan Piquet, Nan Piguet
Nan Piti
Nan Plaine
Nan Plaisir, Nan Palisir, Nan Plaisar
Nan Plateau
Nan Platon
Nan Plic
Nan Plingue, Nan Pligue, Plingue
Nan Plume
Nan Pomme
Nan Pont
Nan Porot
Nan Pota
Nan Poteau
Nan Poudré
Nan Poulie
Nan Pourri
Nan Pros
Nan Rada
Nan Ramier
Nan Rang
Nan Rapport
Nan Raque
Nan Raquette
Nan Rat
Nan Ravine
Nan Redon
Nan Reine
Nan Renaud
Nan Rente
Nan Reynal
Nan Richard
Nan Richet
Nan Richin
Nan Risque
Nan Robert
Nan Roche
Nan Roi
Nan Ronflé
Nan Roseau, Nan Roseaux
Nan Rosier
Nan Rouffé
Nan Rousseau
Nan Roux
Nan Ruby
Nan Ruche
Nan Rue
Nan Récif
Nan Régis
Nan Rémy
Nan Réserve
Nan Sabaise, Nan Sabaisse
Nan Sable
Nan Saint
Nan Saint-Cloud
Nan Salès
Nan Sam
Nan Sans Nègre
Nan Sault
Nan Saut, Nan Sceau
Nan Savane
Nan Savonnette
Nan Seau
Nan Sedren
Nan Seigne
Nan Selle
Nan Simbi
Nan Six
Nan Solon
Nan Source
Nan Sourran
Nan Suzette, Nan Susette
Nan Sévré, Sevré
Nan Tampis
Nan Tangas
Nan Terrain
Nan Ti Bois
Nan Ti Fond
Nan Ti Mil
Nan Ti Palto
Nan Tida
Nan Timo
Nan Tinte
Nan Tongui
Nan Toto
Nan Toussaint
Nan Train
Nan Tranquille, Nan Tranauille
Nan Trimestre
Nan Trompette
Nan Tuf
Nan Tuffe
Nan Tâche
Nan Tête Source
Nan Via
Nan Viel
Nan Vilmé
Nan Vincent
Nan Volcy
Nan Volsi, Nan Vol
Nan Voûte
Nan Yaoué
Nan Zaboca
Nan Zabricot
Nan Zap
Nan Zemi
Nan Zilé, Nan Ellé
Nan Zèbre
Nan l'Étang
Nan l'État
Nan l'Étoile
Nan la Peine
Nan Étang
Nandon
Nandrin
Nansinte, Cap Foux, Cape a Four
Nanterretiste
Nanthor
Napipe
Naple
Napou
Nappe
Narcisse
Nastrin, Nastrid
Nau
Naury
Navarre
Neveu
Nevil
Nicolas
Nicolas Michaud
Nicole
Nicoleau
Nicolon, Nicola, Nicolo
Nicote
Niel
Nio
Nitile
Niva
Niveau
Nivrose
Noailles, Noailles la Vigue
Nobac
Nodeste
Nogo
Noguodé
Noisy
Nordet
Norguez
Normand
Nos Pam
Notier
Nouailles
Nougues
Nouveau
Nouvelette
Nouvelle
Nouvelle Cité
Nouvelle Terre
Novion
Noyau
Noël
Nélady
Nérac
Nérette
Néron
O'Brian
O'Gorman
O'Rouck
Oban
Obey
Obléon
Obo
Obère
Obéissant
Octon
Odelique
Odige
Odijé
Odino
Ogier, Augier
Ogé
Okap, Arrondissement du Cap-Haïtien, Cap-Français, Cap-Haitien, Cape Haitien, Cape Haytien, Commune de Cap-Haïtien, Guárico, Kap Ayisyen, Le Cap, Ville du Cap-Haitien
Olive
Olivier
Opet
Opio
Opéron
Orange Bois
Orange Génie, Orange Benie
Orange Sure
Oranger, Mare Oranger
Orangers
Oreste
Oriani, Opioni
Ostry
Otage
Ouache
Ouan Gouman
Ouanalope, Quanalope
Ouanaminthe, Commune de Ouanaminthe, Juana Mendez, Quanamenthe, Wanament
Oulandou
Ounaraia
Ovré
Pabdocal
Pabre
Pac Melon
Pacassa
Pacasse
Pacharles
Pacho
Paclos
Paco
Pacot
Padouze
Page
Pages
Pagois
Paillant, Payan
Paille Maïs
Paillette Grace
Paillère
Pain Chorte
Pain Ganot
Pain de Croix
Pain de Sucre
Painson
Pairier
Pajeote
Palan
Palance
Palanque
Palason
Palem
Palerme
Palermes
Palestine
Palissa
Pallon
Palma, Alma
Palmarais
Palmarie
Palmarite
Palmary
Palme
Palmes
Palmiste
Palmiste Bas
Palmiste Lamy
Palmiste Tampé
Palmiste Tavin
Palmistre Obio
Palo Grande
Paloate, Paloade
Palsata
Pambor
Pandou
Pangnol
Paniac
Pantassou
Paon
Papaille
Paparel
Papayant
Papaye
Papette
Papillon
Papio
Paquio
Paraclet
Parade
Parades
Paradis
Paraison
Parc Cabrit
Parc Celan, Parc Céloin
Parc Dubois
Parc Jean Louis
Parc Jean Pierre
Parc Roche
Pardieu
Parenter
Paresseux
Parice
Paricot, Première Section Paricot
Parignon
Paris
Parisse
Parloir
Parmetta
Parois
Parque
Parque Orange
Parquer
Paré
Parédon
Pas
Pas Chaîne
Pas de Rail
Pascal
Pascale
Pascot
Pasquet
Passable
Passe, Posse
Passe Baradères
Passe Barbe
Passe Cabrouet
Passe Café
Passe Cajou
Passe Catabois
Passe Caïmite
Passe Caïmittes, Passe Cayemittes
Passe Citron
Passe Crébété
Passe Décosse
Passe Joly
Passe La Boue
Passe Lafleur
Passe Malice
Passe Mathieux
Passe Pilon
Passe Pomme
Passe Reine
Passe Source
Passe Sèche
Passe à Roche
Passe-Barbe
Passecot
Pasteur
Patate
Patchio
Pateau
Patience
Patio
Patoilais
Patois
Patrice
Patrio
Patte Large
Paul, Pol
Paul Martin
Paulette
Paulin, Polin
Pauloute
Pauvet
Pavajonc, Pava Jonc, Pavjaons
Pavie
Pavillon
Pavois
Payen
Payrette
Pays Perdu, Pasperdu
Pays Pourris
Païen
Pecrut
Pedergale
Pedogonme
Peguyville
Pelaro
Peler, Peter
Pelicié
Pelier
Pellaro
Pelletant
Pelé
Pemigot
Pendu
Pengol, Pengnol
Pennifort, Penifort
Pente
Perches, Commune de Perches, Les Perches, Pèch
Perdreau
Perdu
Perdu Blen
Perdu Temps
Perdumidi
Perdutemps
Perhier
Perien
Pernal
Pernie
Pernier
Perot
Perouy
Perrembeau
Perrier
Perroquet
Perthier
Pescaille
Pesmerle
Pestel, Commune de Pestel, Pestal
Petin
Petit Anga
Petit Bois
Petit Bois Fond
Petit Boucan
Petit Bourg de Danda
Petit Bourg de Port Margot, Petit Bourg du Port Margot
Petit Bourg du Borgne, Petit Bourg
Petit Bourg du Limbé
Petit Fond
Petit Garçon
Petit Mane
Petit Mil
Petit Mondri
Petit Mouillage
Petit Paradis
Petit Port-à-Piment
Petit Pothenot
Petit Trou
Petit Trou de Nippes, Commune de Petit Trou de Nippes, Ti Twou de Nip
Petit-Mil
Petite
Petite Anse
Petite Bresilienne
Petite Cahouane
Petite Colette
Petite Colline
Petite Guinée
Petite Place
Petite Plaine
Petite Rivière, Petite Rivière de Dame Marie
Petite Rivière de Nippes, Commune de Petite Rivière de Nippes, Ti Rivyè de Nip, Ville de Petite Rivière
Petite Rivière de l'Artibonite, La Petite Riviere, Ti Rivyè Latibonit, Ville de Petite Rivière de l'Artibonite
Petite Rivière des Bayonnais, Petite Rivière Bayonnais
Petite Source
Petite-Anse
Peujot
Peuplier
Pevaga
Peyard
Peye, Carrefour Paye, Carrefour Peye
Peyrard
Phare Rouge
Phaton
Phaéton
Philibert
Philippeau
Philippeaux
Philogene
Piagon
Pica
Picard
Picat
Pichon
Picmy, Picmi
Picolet
Picore
Picot, Ticot
Picoulet
Pie Place
Pied Cabrouette
Pied Ferme
Pied Louis
Pied d'Or
Pierre
Pierre Flie
Pierre Joseph, Ilet à Pierre Joseph
Pierre Louis
Pierre Louis Blanc
Pierre Michel
Pierre Mou
Pierre Noël
Pierre Paul
Pierre Payen
Pierre Philippe
Pierre Tules
Pierre d'Eau
Pierre-Louis
Pierrier
Pierrot
Pietrox
Pifois
Pigeon
Pignate
Pignon, Commune de Pignon, Dignon, Piyon
Piguer
Pijote
Pijotte
Pilard
Pilate, Commune de Pilate, Pilat
Pilaurant
Pilette, Pillette
Pillard
Pilly
Pilon
Pilote
Piment
Pimentière, Pimentier
Pinard
Pinchinat
Pineau
Pineaud
Pingnin
Pingole
Pingouin
Pini
Pino
Pinot
Pinquière
Pinson
Pinto
Pioterie
Pioux, Piau
Pirobert
Piron
Pisque
Pistache
Pisto
Pistolet
Pistère, Pisterie
Pitiote
Pito
Piton
Piton Calumette
Piton Conel, Piton Kanel
Piton Flume
Piton Mouri
Pity, Piti
Pivereau
Pivert
Pividi
Plabe
Place
Place Galice, Plage Galice
Place Nègre
Place Prudhomme, Place Pru d'Homme
Place du Marché
Plagon
Plainber
Plaine Afio
Plaine Alsene
Plaine Ananas
Plaine Bassin
Plaine Canette
Plaine Charles
Plaine Colin
Plaine Coton
Plaine Coursac
Plaine Dupré
Plaine Espagnol
Plaine Fond Rouge
Plaine Galbi
Plaine Griffe
Plaine Guerrier
Plaine Gélin, Morne Gelin
Plaine Jeannis
Plaine La Source
Plaine Laciote
Plaine Marion
Plaine Martin, Plaine Matin
Plaine Maréchal
Plaine Michaud
Plaine Mille
Plaine Numéro Deux, Plaine Number 2
Plaine Olive, Plaine D'Olive
Plaine Rollin
Plaine Sable
Plaine Sabousse
Plaine Saint-Malon
Plaine Toman
Plaine aux Pins, Aux Fins, Aux Pins
Plaine d'Orange
Plaine des Mapous
Plaine du Nord, Commune de Plaine du Nord, Plèn di Nò
Plaine la Source, Plaine Source
Plaisance, Commune de Plaisance, Plaissance, Plezans, Vallée de Plaisance
Plaisimond
Plaisir, Plaisier
Planche
Planor
Planyac
Plasac
Platanage, Platarage
Platanal
Plate-Forma
Plateau
Plateau Paincroix
Plateau Teyen
Plateau l'Abbé
Platelle
Platon
Platon Anse Rouge
Platon Balais
Platon Bel-Air
Platon Besace
Platon Blanc, Platon Blane
Platon Bois Pin
Platon Boulaille
Platon Bouvier
Platon Chapette
Platon Château
Platon Coinde
Platon Coupeau
Platon Cria
Platon Dume
Platon Duricie
Platon Figuier
Platon Folord
Platon Fond Jean Noël, Fond Jean Noël
Platon Gine Paille
Platon Gommier
Platon Guadabien
Platon Laroudie, Platon Lourdie
Platon Mabrasier
Platon Malanga
Platon Mapou
Platon Mare Rouge
Platon Mas
Platon Mat
Platon Mombin, Planton Mombin
Platon Monette
Platon Montagne
Platon Morne Bourrique
Platon Moustique
Platon Piefraille
Platon Pistache
Platon Prière
Platon Rassemblé
Platon Renaud
Platon Tapion
Platon Trou Bigaille, Trou Bigaille
Platon Trou Louis
Platon Tâche
Platon Zaboca
Platon de Cira
Platon de Paille
Platon du Fossé, Platon Dufossé
Platon l'Aurore, Fond L'Aurore
Platon l'Étang
Platon la Pomme
Platonal, Platana
Platte, Piatte
Plaume
Plic
Pliche
Plombe
Plonquette
Plotier
Plume Trou Jacques
Plymouth
Poban
Poc
Pochette, Rochette
Poco
Pognon
Poinceau
Poincy
Point du Jour
Point à la Gène
Pointe Jean Louis
Pointe Jour
Pointe Ouest
Pointe Pierrot
Pointe Ravine Blanche
Pointe Sable
Pointe de l'Est, Pointe Est
Pointe des Baleines
Pointe des Lataniers
Pointe des Oiseaux
Pointe la Geme
Pointe à Raquettes, La Mahotière, Pointe ã Raquette
Poirier, Poirter
Poirrier
Pois Congo
Pois Cuite
Pois Doux
Pois la Générale
Pois la Ravine
Poisson
Polain
Poldic
Poliard
Policard
Polite
Polo
Polvo
Poly
Pomme
Pomme Gomme
Pomme Rose
Pomme d'Amour
Pommier
Pompiers
Pomponneau
Ponce
Pongnom
Pongnon, Ponguon
Ponsey
Pont Bambou
Pont Charriot
Pont David
Pont Janvier
Pont Kenete
Pont Madame Louis Gapi
Pont Matheaux
Pont Parois
Pont Sable
Pont Sondé
Pont Tambou
Pontgot
Popotte
Poquin
Poreau
Porel
Porignon
Pornier
Port Français
Port Vincent
Port à Nanette
Port à Nannette
Port à l'Écu
Port-Margot, Pò Mago
Port-Salut, Commune de Port-Salut, Pò Sali
Port-au-Prince, Commune de Port-au-Prince, Pòtoprens, Ville de Port-au-Prince
Port-de-Paix, Commune de Port-de-Paix, Port Paix, Pòdepè, Pòdpè
Port-à-Piment, Commune de Port-à-Piment, Pòtipiman
Portail
Portail Léogane
Portail Montrouis
Portail la Gosseline
Porte Plate
Portier
Portino
Possin
Poste
Poste Antoine
Poste Coutant
Poste Gaille
Poste Métier
Poste Pierre-Louis
Poste Pierrot
Poste-Moulin
Posy
Pot Chinotte
Pot de Chambre, Pot Chambre
Poteaux, Carrefour Poteau, Les Poteaux
Potemot
Poterie
Pothenot
Potier
Potofo
Potorien
Potosuel
Potras
Potu
Poty
Poudrière
Pouillant
Poulie
Pour
Pourcino
Pourrier
Poussan
Pousseline
Poux
Poux de Bois
Povot, Tovot
Pradel
Pradine
Praslin
Premier
Presqu'île du Môle
Pressac
Prester
Prevoyance
Preyer
Prince
Principe
Print
Printemps
Prière
Prosper
Prospère
Proux
Provence
Province
Provos
Prudhomme
Prunelle
Prébois
Préchet
Précipice
Présaille
Présim
Présina
Préto
Préval
Prévaux
Prévilé
Prévôt
Prêcot
Puballot
Pugeot
Puits Chacha
Pulssance
Punaise
Punette
Purly
Pyrame
Pâques, Nan Paques
Pébat
Pédi
Pégui, Péguy
Pélagie
Pélem
Pélerin
Pélerins
Péligre
Péligrin, Pelgrin
Pélissier
Pémel, Chapelle Permelles, Permelle, Permelles
Pénijone
Pénitence
Pépin
Pépinière
Pérard
Pérea
Péree
Péri
Périgny
Périn
Périne
Périquite
Périsse
Pérodin
Pérou, Carrefour Pérou
Pérédo, Perada
Pérény
Pétabois
Pétavie
Pétionville, Petyon-Vil, Ville de Pétion-Ville
Pétoie
Pété Fiel
Péyen
Pêchier
Quartier
Quartier Morin, Katye Moren, Qartier-Morin, Ville de Quartier Morin
Quartier Saint-Jean
Quenepe
Quenton
Querou
Querset
Quetan
Quinte
Quipérie, Quiberi
Quiquitte
Quisa
Quisqueya
Quiton
Quépont
Rabion
Raboteau
Raboto
Rabouin
Rac Longue
Rac Noir
Rac Orange
Rac Rocheman
Rache Grande
Ragosse
Ragou
Raidi
Raimboid
Rainvil
Raisin
Ramadier
Ramadou
Rambal
Rambeau
Rambo
Rameau
Rami
Ramier
Ramonaise
Ramoneuse
Rampart
Rampas
Rampe des Lions
Ranchanton
Rande Joie
Randel, Randelle
Randen
Rang, Pang
Rangé de Joie, Rangé Déjoie
Ranquitte, Commune de Ranquitte, Rankit, Ranquite
Rape
Raphaël
Raque Lambert
Raquette
Rasard
Rassemble
Rateau
Ratier
Rato
Raton
Ravajou
Ravette
Ravin de Rouga, Ravin des Rouga
Ravine
Ravine Acier
Ravine Anguille
Ravine Blanche
Ravine Cabryt
Ravine Cajou
Ravine Cocoyer
Ravine Desroches
Ravine Dou
Ravine Fond
Ravine Fontaine
Ravine Froide
Ravine Gallette
Ravine Georges
Ravine Longue
Ravine Mamzelle
Ravine Mitch
Ravine Palmiste
Ravine Pite
Ravine Pâques
Ravine Sable
Ravine Sèche
Ravine Tache
Ravine au Diable
Ravine d'Haïti
Ravine la Salle
Ravine à Jacques
Ravine à Roche
Ravise
Ravisse
Raymond
Raymond Connet
Raymond les Bains
Raymonde
Raynal
Raynald
Rebejeau
Rechalet, Rechale
Redinègre
Redon
Redoute
Regadere
Remadin
Remonssant
Rempart
Renard
Renaud
Renaudin
Rendez-vous
Rente Mathe
Rente Soldat
Renthe Soldat
Renthe à Muyer
René
Repos
Reposoir
Repou
Respect
Retelle
Reval
Revesso
Reynolds Terminals
Rezin
Rica
Richard
Richate
Riche
Riche Homme
Richemond
Ricomon
Rideau
Rigaud
Rilotte
Rimasse
Rimbert
Rinbeau
Rincon
Ringnin, Riognin
Rio Hondo
Riobé
Riol
Rioribe, Riaribes
Risque
Rivage
Riville
Rivière Blanche
Rivière Dubalzeille, Rivieré Dubalzaillo
Rivière Froide
Rivière Sabe
Rivière Salée
Rivière des Mornes
Roba, Robard
Robe
Robergeau, Robergeaud
Robert
Robert Jean
Robertal
Robillard
Robin, Grande Place Robin
Robinet
Robinette
Robino
Robion
Roblin
Robuste
Roc Blanc
Roc Maringoin
Rochasse
Roche
Roche Blanche
Roche Cabrit
Roche Campe
Roche Carrée
Roche Filée
Roche Goupèye, Rolhe Coupeye
Roche Haleine
Roche Miel
Roche Mulâtre, Roche Mûletre
Roche Pabre
Roche Pierre
Roche Pilée, Roche Pilé
Roche Plate
Roche Polo
Roche Rameau, Roche Ramo
Roche Ronde, Roche Rond
Roche Sapate
Roche Tempée, Roche Tempe
Roche Tendre
Roche à Feu
Roche à Pierre
Roche-à-Bateau, Roche a Bateaux, Wòchabato
Rochefort
Rocher
Roches Contrées
Roches Eustaches, Roche Eustache
Roches Noires
Rock
Rodaille
Rode
Rodeau
Rodolphe
Rodéo
Roger
Roi
Rojetin
Romain
Roman
Rombeau
Roméo
Rondeau
Rondelle
Rondino
Rondo
Roquet
Roquette
Rosa
Rosalie, Rosavle
Rosancour, Resancourt
Roseau
Roseaux, Commune des Roseaux
Roselière
Rosemond
Roses
Rosette
Rosia
Rosiau
Rosier, Carre Rosie, Rogier
Rosinde
Rosolie
Rossignol, Rossignol Pairier
Rossina
Rossolière
Rouche Rouge
Rouck
Roudoute
Roufe
Rousse
Rousseau
Roussel
Rousselin
Routeau
Rouvoyé, Rouvoie
Roux
Roy, Roy Benoit
Roy Canot, Roye Canot
Roy Lopuerc, Roy la Puerco
Royal
Royan
Roye
Roye-Sec, Rosec, Roy Sec
Royer
Rozoli
Récif
Rédillon
Réforme
Régalie
Régnier, Régner
Rémy
Réo
Réserve
Sable Cabaret
Sablier
Sabocon
Sabouce
Sabourin
Sacristin
Sad
Sadette
Sagonjou
Sagouhait
Saint Cloud
Saint Laurent
Saint Roc
Saint Simon
Saint-Ange
Saint-Antoine
Saint-Castor
Saint-Clos
Saint-Cyr
Saint-Deck
Saint-Dic
Saint-Fleur
Saint-Fol
Saint-Francisque
Saint-Félix
Saint-Georges
Saint-Germain
Saint-Gérard
Saint-Hilaire
Saint-Jean
Saint-Jean du Sud, Etronc-de-Porc, Sen Jan di Sid
Saint-Joly
Saint-Joseph
Saint-Jules
Saint-Just, Saint Juste
Saint-Louis
Saint-Louis du Nord, Commune de Saint-Louis du Nord, Sen Lwi di Nò
Saint-Louis du Sud, Sen Lwi di Sid
Saint-Léger
Saint-Malon
Saint-Marc, Commune de Saint-Marc, Sen Mak
Saint-Martin, Chapelle Saint-Martin
Saint-Mesmin
Saint-Michel
Saint-Michel de l'Atalaye, Saint Michel de L'Attaiaye, Sen Michèl Latalay, Ville de Saint Michel
Saint-Michel du Sud
Saint-Médard, Carrefour Saint Medard
Saint-Phard
Saint-Pierre
Saint-Pré
Saint-Rampas
Saint-Raphaël, Sen Rafayèl
Saint-Raymond
Saint-Roc
Saint-Victor
Saint-Éloi
Saintable
Saintard
Sainte-Adèle
Sainte-Croix
Sainte-Hélène
Sainte-Marie
Sainte-Marthe
Sainte-Paulette, Ti Sainte Paulette
Sainte-Philomène
Sainte-Rose
Sainte-Sia
Sainte-Suzanne, Sent Sizàn
Saintelus
Sainthon
Saintil
Saintilien
Saintonge
Sainyette
Sajotte
Sal Bounda
Salagnac
Salgodon
Saline Duverger
Saline Grand Port
Saline Maillette
Salmador
Salmadère
Salmaitre
Salmory
Salnave
Salomon
Salor
Saltadère
Samana
Samba
Samedi
Sampède
Samson
San José
San Pedre
San-Yago, Sanyago
Sangris
Sanité
Sannois, Sanois
Sanomora
Sanon
Sans Boute
Sans Raison
Sanse
Sansou
Santanne, Los Santanne
Santiago
Santigue
Santo
Sanyette
Saou
Sapatère
Sapotille
Sarazin
Sarc
Sarlos
Sarthe
Sateigne
Satiné
Satorfer
Satue
Saturin
Saurel
Saut
Saut Barthe
Saut Biscagne
Saut Blanc, Saut Blanche
Saut Mathirine
Saut d'Eau, Commune de Saut d'Eau, Sodo
Saut d'Eau Barada
Sauterre, Morne Sauterie
Sauval
Sauvale
Sauvé
Savane Baptiste
Savane Belle-Mère
Savane Bertrand
Savane Bissainthe
Savane Blanc
Savane Blonde
Savane Boeuf
Savane Bois Pin, Savane Bois Pic
Savane Bombe, Savane Bombée
Savane Bouc
Savane Bourique
Savane Bourrique
Savane Cabrit
Savane Cajou
Savane Calebasses, Savane Calebasse
Savane Canne
Savane Cannot
Savane Carrié
Savane Carrée, Savane Carré
Savane Causée
Savane Cheval
Savane Coco
Savane Colas
Savane Cotelette
Savane Cotton
Savane Croix
Savane Declay
Savane Desdunes
Savane Diane
Savane Dossous
Savane Dubois
Savane Désolée
Savane Faché
Savane Figuier
Savane Gommier, Savane Gomier
Savane Gradé Brûlé
Savane Haleine
Savane Henry, Savane Henri
Savane Jong
Savane La Hatte
Savane Larate
Savane Large, Savanne Large
Savane Longue
Savane Madame Georges
Savane Madame Michel, Savanne Madame Michel
Savane Manigat
Savane Marc
Savane Mare
Savane Marotte, Savane Macotte
Savane Millery
Savane Moulin
Savane Mulâtres, Savane Mulatresse
Savane Orange
Savane Patate
Savane Paul
Savane Perdue
Savane Perrin
Savane Pite
Savane Plate
Savane Pomme, Savanne Pomme
Savane Poufli
Savane Ragée, Savane Rage
Savane Rase
Savane Ronde
Savane Roseau
Savane Roseaux
Savane Rouge
Savane Sainton, Sainton
Savane Salée
Savane Selpètre
Savane Tabac
Savane Trompette
Savane Vincent
Savane Visite
Savane Zombi, Savane Zumbis
Savane au Camp
Savane la Garde
Savane la Hatte
Savane la Puerta
Savane à Grand
Savane à Lagues
Savane à Pale
Savane à Pierre
Savane à Renthe
Savane à Roche, Savane a Roches
Savanette, Commune de Savanette, Savannette, Savanèt
Savanne Plate
Savary
Savien
Savoyard
Sayant
Scipion
Sebatan
Seguin
Seguy
Seize
Selpètre
Semaille
Sencé
Senechat
Senette
Sens
Sensé
Serber
Servily
Shada
Sibert
Sibert A
Sibert B
Sibilot
Sicard
Sidor
Sidurant
Sigueneau, Dampuce, Siguenau
Sillon
Siloé
Sima
Simon, Fond Simon
Simone
Simonette
Sinaï, Sanaï
Sincao
Singo
Sire
Sirene
Sivol
Smith
Sobia
Soigné
Soissons
Soixante
Soleil Bas
Soliette, Soliete
Solino
Solomon
Solon
Somate
Songe
Sonia
Sonnette, Sanette
Sonson
Sophie, Saufi
Sor Margot
Soubetier
Soubier
Soucaille
Soufflé
Souffort
Soufrière
Soula
Soulager
Soulette
Soulé
Souppren
Souqui
Source
Source Abricot
Source Aniesse
Source Arrosée
Source Blanche
Source Boeuf
Source Capel
Source Carot
Source Chaude, Eau de Boynes, Eaux de Boynes, Les Sources Chaudes
Source Colas
Source Coulée
Source Courte
Source Crabe
Source Fannan
Source Figuier
Source Gabriel, Gabrie
Source Herbe
Source Jean Pierre
Source La Chaussée Redoule
Source Matelas
Source Michaud
Source Philippe
Source Pineau
Source Pisse
Source Rouge
Source Sable
Source Sanon
Sources Chaudes, Sources Chaudes des Irois
Sous Blanc
Sous Byran
Sous Fort
Sous Jean Jacques
Sous Savane, Savane
Sous Villa
Souti
Souvenance, Sourvenance
Souyac
Souyeau
St. Christophe
Sterlin
Sucrin
Sudre
Sugu
Suplice
Surin
Surprie
Suzanne, Carrefour Suzanne
Syllacôme
Sylvestre
Symphe
Sèche, Nan Sèche
Séchoir, Séchoire
Ségur, Seguir
Séjour
Séjourné
Sénac
Sénador
Sénaille
Tabarre, Taba
Tabary, Tebary
Table Au Diable
Table au Diable
Tabli
Tablon
Tably Agathy
Tacasse
Tacob
Taifer
Tajet
Taluy
Tamarin
Tambouye
Tamette
Tamise
Tammas
Tampana, Tapana
Tampis
Tante Jeanne
Tapion, Tapio
Tapona
Tardieu
Taris
Tarras
Tati
Taverne
Taverneau
Tavette
Tavot
Tazac
Tazeau
Tchaque
Tchery
Tedhomme
Tee Boeuf
Teinturiers, Teinturier, Teinturrier
Telhor
Tellier
Telonge
Templier
Tenneau
Tenter
Tenté
Terason
Tercel
Terlonge
Ternier
Terre
Terre Blanche
Terre Brûlée
Terre Canne
Terre Cassée
Terre Chaude
Terre Contrée
Terre Fendue
Terre Froide
Terre Froide Magny
Terre Glissée
Terre Grainnin
Terre Grande
Terre Grasse
Terre Grinnin
Terre Igname
Terre Mouscadie, Chamouscady, Terre Mousady, Tierra Muscady
Terre Nette, Terre Net
Terre Neuve, Commune de Terre Neuve, Tènèv
Terre Noire
Terre Pierre
Terre Rouge, Poste Rouge, Poste Terre Rouge
Terre Rouge (Gaspard)
Terre Salée
Terre Sonnain
Terre Sèche, Terre Sec
Terre des Nègres
Terre-Blanche
Terre-Rouge
Terrier Rouge, Commune de Terrier Rouge, Tèrye Wouj
Terry
Terson
Terville
Tessaye
Tessier
Testas
Tete Boeuf
Tetipe
Tetu
Theron
Thienne
Thierry
Thiotte, Caï-Tiot, Commune de Thiotte, Thiote, Tiote, Tyòt
Thoman
Thomas
Thomas Brun
Thomas Élie
Thomassique, Commune de Thomassique, Tomasik
Thomazeau, Commune de Thomazeau, Tomazo
Thomonde, Commune de Thomonde, Tomond
Thor
Thozin
Théard
Thébaudière, Theobodiere
Théophile
Thérese
Ti Alto
Ti Anse
Ti Bal
Ti Bambou
Ti Bois Neuf
Ti Bois Pin
Ti Bon Dieu
Ti Boubain
Ti Boucan
Ti Boulaille
Ti Bourg
Ti Bras
Ti Cahos
Ti Calebasse
Ti Cape
Ti Carénage
Ti Cayemites
Ti Chansolme
Ti Charles
Ti Charute, Charute
Ti Cienne
Ti Ciseau
Ti Claire
Ti Coma
Ti Coulet
Ti Couline
Ti Couloute
Ti Coupe
Ti Coupe Nandrin
Ti Croix
Ti Côte de Fer
Ti David
Ti Davis
Ti Delmas
Ti Desdunes, Desdunes Petite Place, Petit Desdunes
Ti Fabre
Ti Feuille
Ti Folie
Ti Fond
Ti Fond Pelletier
Ti Fort Nègre
Ti Grambi
Ti Guinin
Ti Jardin
Ti Jeudi
Ti Lagon
Ti Lauri, Ti Louri
Ti Laurier
Ti Marché
Ti Maurice
Ti Maître
Ti Melon
Ti Michel
Ti Montagne, Petite Montagne
Ti Mouillage
Ti Moulin
Ti Mélia, Melia
Ti Paillette
Ti Palmiste
Ti Paradis
Ti Parc
Ti Pierre
Ti Pin
Ti Place
Ti Place Bélot
Ti Place Leroy, Petite Place Leroy
Ti Plaine
Ti Port-de-Paix
Ti Péligre
Ti Périsse
Ti Quele
Ti Raisin
Ti Rivière
Ti Saison
Ti Saline
Ti Salé, Puit Salé
Ti Savane
Ti Simbi
Ti Source
Ti Tanyin
Ti Tihit
Ti Tongnin
Ti Toussaint
Ti Trou
Ti Trou Gravelot
Ti Verni
Ti Zorange
Ti l'Étang
Tiapon
Tiaroy
Tibangoule
Tibao
Tibaud
Tibeau
Tibi
Tibo
Tibory
Tiburon, Commune de Tiburon, Tibiwon
Tiby
Tienne
Tieppe
Tigas
Tigwav, Commune de Petit Goâve, Petit Goâve, Ville de Petit Goâve
Tilory
Tilot
Tima
Timare
Timely
Timothée
Timpe
Tina
Tinclade
Tioquin
Tiquita
Tirele
Tirouelle
Titon
Todivi
Tolifo
Toman
Tomarin
Tomaset, Tomasset
Tomasin, Tomassin
Tombacalème, Tombacalène
Tondé
Toneau
Tonette
Tony
Toquette
Torbeck, Commune de Torbeck, Tòbèk
Torcelle, Torcelle Duclos, Tossele
Torchon
Toreste
Toro
Torpin
Torsini, Torzin
Tortue
Tosia
Totolo
Touarac
Touche Moulin
Touchet
Toulmain
Toulouye
Toumat
Toupiase
Toupin
Tourette
Tournade
Tournain
Tourneau
Tourpine
Toussaint
Toute Borne
Toutier
Toutine, Troutine
Touya
Tozia
Traillat
Traime
Tranquille
Tranquitte
Trasael
Tremble
Treuil
Triamon
Trianon, Triano
Tricon
Tricote
Trigaud
Trinity
Tripot
Trocher
Trois Bois Pins
Trois Bois-Pin
Trois Bornes
Trois Bouteilles
Trois Carrefours
Trois Frères
Trois La Passe
Trois Mares
Trois Mats
Trois Palmistes
Trois Pavillons
Trois Platons
Trois Ponts
Trois Poteaux
Trois Rats
Trois Ravines
Trois Rigoles, Trois Rigole
Trois Sources
Trompette
Trope
Trou Baguette
Trou Bamby
Trou Bassin
Trou Bois
Trou Caiman
Trou Canari
Trou Chouchou, Trou Chouchow
Trou Cochon
Trou Cordon
Trou Coucou
Trou Couvri
Trou Dauphin
Trou Dimanche
Trou Flèche
Trou Fond
Trou Forban
Trou Goffi
Trou Gounon
Trou Gras
Trou Jacques
Trou Jean Pierre
Trou Jules
Trou Laleau
Trou Louis
Trou Mahot
Trou Mantegue
Trou Marassa
Trou Milieu
Trou Mirliton
Trou Morin
Trou Mouton
Trou Palouse
Trou Pipique
Trou Pélé
Trou Rat
Trou Sardines
Trou Sirop
Trou Soleil
Trou Vasseux
Trou Zombi
Trou d'Eau
Trou d'Enfer
Trou des Hommes
Trou du Nord, Commune de Trou du Nord, Le Trou, Trou, Trou di Nò
Trou l'Embarras
Trou l'Étang
Trou à l'Eau
Trouillac, Touack
Trouin
Troujillo
Troupeau
Troutier
Truitier
Trème
Tréforend
Trésor
Tubéreuse
Tuffe
Tuffet
Tuffet Ainé, Tifait
Tumba Câlin
Turin
Turpin
Tutoi, Tutoie
Tyron
Tâche
Ténard
Térou
Térési
Têtard
Tête Canal
Tête Chadeau
Tête Donasse
Tête Grande Ravine, Tête Grand Ravine
Tête Morne
Tête Morne Cadet
Tête Mouche
Tête Nicolas
Tête Paon
Tête Platon
Tête Pogoir
Tête Roche
Tête Rochelle
Tête Source
Tête de l'Eau
Tête l'Abeille
Tête à l'Eau
Tête à l'Île, Tete Ligne
Vacher
Vachon
Vague
Vaillons
Vainqueur
Valade
Valadon
Valbrune
Valenbrun, Valebrun
Valentin
Valery
Valeureux
Vali
Vallade
Vallette
Vallières, Commune de Vallières, Vallière, Valyè
Vally
Valmor
Valois
Valton
Valère, Carrefour Valére
Vancol
Vannos
Vano
Vapeur
Varne
Varreux
Vase
Vaset
Vaseux
Vassale
Vasseur
Vatin
Vaudreuil, Vandreuil
Vaudré
Vechi
Veillon
Vendribiche
Vendôme, Vandome
Venotte
Vent Bate
Verbouc, Carrefour Vieux Bourg
Verdegri
Verdies
Verdun
Verger
Verjon
Verneuil, Verneull
Verrettes, Commune de Verrettes, Les Verettes, Les Verrettes, Vèrèt
Verrier
Versailles
Vert Château
Vertières
Vertus
Vialet
Viard
Viata
Viau
Viaud
Vibert, Puits Vibert
Vicière
Victor
Victorine
Vido, Videau
Vidon, Videau
Vie Calfou
Vieillard, Veillard
Vieille Hatte
Vieille Place
Vieille Terre, Vieux Terre
Viel
Viele
Vielle Hatte
Viellot
Viette, Vieste
Vieux Boucan, Boucan Vieux
Vieux Bourg
Vieux Bourg d'Aquin, Vieux Bourg d'Aguin
Vieux Bourg de Jérémie, Ville de Jérémie
Vieux Bouteille
Vieux Bulaye
Vieux Cabrouet
Vieux Caille, Vieu Caille
Vieux Caille Germain
Vieux Camp
Vieux Cayes
Vieux Dépôt
Vieux Fort
Vieux Gaille, Vieux Calle
Vieux Hatte
Vieux Joupas
Vieux Lacour
Vieux Place
Vigie
Vigni
Vignier
Vignon
Vigoureux
Vilaile
Vilalin
Vilellot
Vilette
Villa
Villard
Villars, Chapelle Villars, Fossé Naboth
Villarseaux
Villate
Ville Bonheur, Saut d'Eau de Ville Bonheur
Ville Franche
Ville Petite Place
Villejoint
Villios
Vilmar
Vilou
Viloux
Vimbale
Vincendiaire
Vincent
Vindio
Vine
Violette
Vion
Virgile
Virol
Vital
Viteau
Vité
Vivant, Virant
Vlaud
Vodry
Vogues
Volant
Voltaire
Volée
Voutoson
Voûte Rouge
Voûte l'Église
Védery
Vérité
Vérone
Véronne
Wacacou
Wallondry
Wampas
Wan Degras
Welch, Weche
Welsh
Wilfrid
Will
Williamson
Woreau
Yannais
Yaya
Yayou
Yersières
Yilier
Ylain
Yobec
Yocan
Yocelle
Yoke
Yombe
Yousse
Yvon
Yvra, Yrva
Zabethe
Zabo
Zaboca
Zabot
Zabotte
Zabricet
Zaire
Zanglais
Zeb Fine
Zeb à Flèche
Zemir
Zephir
Zepingle
Zerbe Boule
Zerbe Fine
Zidor
Zigne
Zigue
Zobodo
Zombi
Zoracon
Zoranger, Zorange
Zorazo
Zoulien
Zumy
Zèb Guinin
Zèbre à Flèche
Zémi
Zéphirin
Zépine
Zétrois
Ça Ira
Écharlotte, Échariope
Édouard
Élien
Étable
Étang
Étang Dole
Étang Gros Dos
Étang Rey
Étienne
Étrenne
Étrennes
Étriac
Étrier Femme
Étroit
Évangéliste
Éveillard
