Abondance, Quartier Abondance
Absalon, Terres d'Absalon
Adinet, Quartier Adinet
Adélaïde Maillet, Quartier Adélaïde Maillet
Allée Pécoul
Alma, L'Alma
Ancinel
Anse Cafard, Anse Caffard, L'Anse Caffar
Anse Figuiers, Anse Figuier, Quartier Anse Figuier
Augrain, Quartier Augrain, Quartier Haut Grain
Bac, Quartier du Bac
Bagatelle
Balata, Balata-Tourtet, Quartier de Balata, Quartier de Balata-Tourtet
Baldara, Morne Baldara, Quartier Morne Baldara
Balleu
Bambous, Quartier Bambou
Bareto
Baringthon, Barington
Barrière la Croix
Barême
Bas Carabin
Bas Céron, Quartier Bas Céron
Bas Mangots
Bas Morne
Basse-Pointe, Bourg de la Basse Pointe
Bassignac
Bassin Dames
Bassin Noir
Bastopol
Baudelle, Quartier La Baudelle, Quartier la Baudet
Beauchamp, Quartier Beauchamp
Beauchêne
Beaufort
Beaujolais, Quartier Beaujolais
Beaulieu
Beauregard
Beauregard Caféière
Beauregard Sucrière
Beauséjour
Beauvallon, Quartier Beauvallon
Bel Oncle
Bel Évent
Bel-Air, Quartier Bélair
Belfond
Belfort, Quartier Belfort
Bellay
Belle Languette
Belle Âme, Quartier Belle Âme
Belle Étoile, Quartier Belle-Étoile
Bellefontaine, Fond Belle Fontaine
Bellegarde
Bellevue, Quartier Bellevue
Bellevue-Union
Belvédère
Benguette, Benquette
Bernadette
Bernard
Berthou
Bezaudin, Quartier Bezaudin
Birot, Quartier Birot
Bitaille
Blanchard
Blanpuy
Bochette, Beauchet, Beauchette
Bois Blanc
Bois Carré
Bois Coupé
Bois Désir
Bois Goudou
Bois Jade
Bois Lézards
Bois Michel
Bois Neuf, Quartier Bois Neuf
Bois Rouge
Bois Zombi, Quartier Bois Zombi
Bois d'Inde, Quartier Bois d'Inde
Bois du Parc
Bois la Charles, Quartier Bois la Charles
Boisville, Boiville
Bon Air, Quartier Bel-Air, Quartier Bon Air
Bon Repos, Quartier Bon Repos
Bonnaire, Bonaire
Bonne Source
Bonneau, Quartier Bonneau
Bonneville, Quartier Caféière Bonneville
Bonnin, Quartier Bonnain
Bonny, La Bonnie, Quartier la Bonnie, Quartier la Bonny
Bontemps-Lacour
Bord de Mer, Pothou, Pothuau
Borel
Bossou, Quartier Bassou, Quartier Bossou
Boucan
Boulevard
Bout Bois
Boutaud, Quartier Boutaud, Quartier la Boutaud
Bouteillé
Boë, Quartier Boué
Braffin
Bresson
Brevette, Quartier Brevette
Brin d'Amour
Brisse
Bristol
Bécouya, Quartier Bécouya
Bélème, La Belème, Quartier la Belem, Quartier la Bellem, Quartier la Bélème
Béola
Cadette, Quartier la Cadette
Café, Quartier Café
Californie, Quartier Californie
Calvette
Cambeilh
Camp Billotte
Camp de Balata-Tourtet, Camp Balata, Camp Balata-Tourtet
Camée
Canal
Canari Cassé
Cannelle, La Canelle, Quartier la Canelle, Quartier la Canette
Canton Suisse, Quartier Canton Suisse
Cap Cabaret
Cap Chevalier
Caplet
Carabin, Quartier Morne Carabin
Caritan
Caroline
Carolé
Carrère
Case Dujon
Case Jules
Case-Pilote, La Case Pilotte
Casse-Cou
Cassière
Cerise
Chalopin
Chalvet
Chambord, Chambort, Quartier Chambord
Champ Fleury
Champfleury
Champflore, Champ Flore, Quartier Champ-Flore
Chapelle
Chapelle Villarson, Quartier Chapelle Villarson, Quartier Chapelle Villarçon
Charpentier
Chertine, Quartier Chertine
Cheval Blanc
Chevalier, Quartier la Chevalier
Chevrier, Quartier Chèvre
Choco
Choisy
Chopotte, La Chopotte, Quartier la Chopotte
Château Gaillard
Château Lézards, Château Lézard, Lezards
Château Paille
Chère Épice, Quartier Chère Épice
Chéry
Citron
Cité Bac, Le Galion
Cité Étoile
Clauzel
Cocotte
Combat
Concorde, Quartier Concorde
Concorde Leyritz
Constant
Coq
Corneille
Corps de Garde, Quartier Corps de Garde
Coulanges
Coulée d'Or, Quartier Coulée d'Or
Cour Boule
Courbaril, Quartier Courbaril
Courbaril-Louisy
Croisée Décius
Croisée Manioc, La Croisée Manioc
Croisée Palmiste
Croisée Soldat
Croix Blanche, Quartier Croix Blanche
Croix Girin
Croix Godet
Croix Jubilé
Croix Louisy
Croix Odilon, Quartier Croix Odillon
Croix Rivail
Crève-Cœur
Cédalise
Côte d'Or
D'Orival
Darcourt
Dartault
Daubert, Quartier Daubert
Dehaumont, Cité Dehautmont, Duhaumont
Derrière Bois, Quartier Derrière Bois
Derrière Morne, Quartier Derrière Morne
Descailles
Descossières, Quartier Descossières, Quartier Descostière
Desfarges
Desforts, Quartier Desforts
Desgaleries
Desloges
Desmangues
Desmarinières, Desmarinière, Quartier Desmarinières
Desmartinières, Quartier Desmartinières
Desroses
Desruisseaux, Quartier Desruisseaux
Deux Choux, Deus Chous
Deux Courants, Les Deux Courants
Deville
Dizac
Domaine de Belfond
Dominant, Quartier Dominant
Dominante, Quartier Dominante
Dormante
Dosithé
Dostaly
Du Saut
Duchamp
Duchâtel
Duchêne, Duchesne, La Duchêne, Quartier la Duchêne
Ducos
Dufailly
Duferret
Dugane
Duhamelin, Quartier du Hamelin
Duharoc
Dumaine, Quartier Dumaine
Dumozé
Dunoyer
Duquesne, Quartier la Duquesne
Durivage
Durocher
Duverger
Débat
Dédé
Dégras
Délivry, Quartier Delivry, Quartier Dérivry
Démare, Quartier Desmares, Quartier Démare
Désert
Désirade
Désormeaux
En Bidault
En Fonds
Ensfelder
Ermitage
Escarvaille
Eudorçait, Quartier Eudorçait
Fardin
Favrier Montaou
Ferme Saint-Jacques
Ferré, Ferret
Firmin, Quartier Firmin
Flamboyants
Flandrin
Fleur d'Épée
Fleury, Quartier Fleury
Fond Bellemare
Fond Bernier
Fond Boucher, Fond Giromont, Fonds Boucher
Fond Bourlet Haut
Fond Brûlé, Fonds Brûlés, Quartier Fonds Brûlés
Fond Cacao, Quartier Fond Cacao
Fond Cadran
Fond Camille
Fond Cani
Fond Canonville, Canonville
Fond Capot, Fonds Capot
Fond Châtaignes
Fond Clémence
Fond Corré
Fond Coulisse
Fond Debasses
Fond Desrivaux
Fond Galion Sainte-Luce
Fond Gens Libres, Quartier Fond Gens Libres
Fond Gentlemen
Fond Giromond, Quartier Fond Giraumont
Fond Grande Anse
Fond Hubert, Quartier Fond Hubert, Quartier Fonds Hubert
Fond Labour
Fond Laillet
Fond Marguerite
Fond Marie-Reine, Quartier Fond Marie Reine
Fond Marie-Riene
Fond Masure
Fond Moulin
Fond Moustiques
Fond Mulâtre
Fond Mulâtres, Quartier Fond Mulâtre
Fond Nicolas, Fonds Nicolas
Fond Nigaud
Fond Pierre
Fond Repos
Fond Saint-Jacques, Fonds-Saint-Jacques
Fond Savane
Fond Zamy, Fonds Zamy, Quartier Fonds Zamy
Fond d'Or, Fonds d'Or
Fond d'Orange, Fonds d'Orange
Fond l'Afrique
Fond Épingles
Fond-Lahaye, Fond la Hayes, Fonds-Lahaye
Fonds Abricot
Fonds Bohême, Fond Bohême
Fonds Dominique
Fonds Fleury, Fond Fleury, Quartier du Fond Fleuri
Fonds Galion, Fond Galion
Fonds Manoël
Fonds Mascret, Fond Mascret, Quartier Fond Mascré, Quartier Fonds Mascret
Fonds Masson, Fond Masson, Quartier Fond Masson, Quartier Fonds Masson
Fonds Moulin
Fonds Préville
Fonds-Saint-Denis, Fond-Saint-Denis
Fontane
Fort-de-France, Fort Royal, Fort Royale, Le Fort-de-France, Фор-де-Франс
Fougainville
Four à Chaux, Quartier Four à Chaux
Fourniols
François
Frégate
Félicité
Félix
Fénelon
Féral, La Féral
Gaalon
Gabourin, Quartier Gabourin
Gaigneron
Galette, Quartier Galette
Gallochat, Galocha
Gaschette
Gerbault, Quartier Gerbault
Gergault, Quartier Gergault
Glacy
Glotin, Quartier Glotin
Goujon
Gradis
Grand Bassin, Quartier Grand Bassin
Grand Boucan
Grand Champ, Grandchamp
Grand Dégras
Grand Fond
Grand Galion
Grand'Rivière, Grande Rivière
Grand-Case, Grande Case
Grand-Court
Grand-Figue
Grand-Fleur
Grande Anse, Quartier Grande Anse
Grande Rochelle
Grande Savane, Quartier Grande Savane
Grands Céron
Grands Fonds, Grand Fonds
Gros Raisin
Grosse Gouttière
Grosse Ravine
Grozan, Quartier Grosan
Guimbé
Guinée-Fleury, Quartier Fleury Guiné, Quartier la Fleury Guiné
Guénot
Génipa
Habitation Desfourneaux
Habitation Ducassous
Habitation Jonction
Habitation Petite Rivière, Petite Rivière, Quartier Petite Rivière
Habitation Rivière Lézarde
Habitation Salubre
Habitation la Thibault
Habitués
Hackaert
Hardy
Haut Roches Carrées
Hauteurs Bourdon, Quartier Hauteurs Bourdon
Hauteurs Dumas
Hauteurs Rivière Roche
Hubert
Humbert, Quartier Humbert
Jacqua
Jacques
Jacquot
Jean-Baptiste
Jeanville
Jolimont
Josseaud, Quartier Josseau, Quartier Josseaud
Joséphine
L'Ajoupa-Bouillon, Ajoupa-Bouillon, L'Ajoupa, Lajoupabouyon
L'Allée, Quartier l'Allée
L'Anse Dufour, L'Anse Noire
L'Anse Mitan
L'Anse Turin
L'Anse la Rose
L'Anse à l'Âne, Anse à l'Âne
L'Autre Bord
L'Avenir
L'Enclos
L'Entonnoir
L'Ermitage, Quartier Hermitage, Quartier l'Ermitage
L'Espérance, Espérance
L'Heureux, Quartier Lheureux
L'Hôpital Champflore
L'Union
L'École
L'Épineux
L'Étang
L'Étoile
La Baie des Anglais
La Baie des Mulets
La Baume, Quartier la Baume
La Beaufond
La Beauville, Quartier la Beauville
La Berry
La Bonne Mère
La Borelli
La Broue
La Cadeau
La Cadet, Cadet
La Caféière
La Camille
La Capoul
La Carreau
La Carrière, Quartier la Carrière
La Casse
La Cavalerie
La Charles
La Charmeuse
La Charmille
La Cherry
La Citadelle
La Citerne
La Cocotte
La Collion
La Crique
La Croix
La Deslande
La Dessaint, Quartier la Dessaint
La Digue
La Disjonslée
La Distillerie
La Duchâtel
La Dufresne
La Dumaine, Quartier la Dumaine
La Duprey
La Durand, Quartier Durand
La Débite
La Farelle, Quartier la Farelle
La Fayette
La Ferme
La Ferme Saint-Jacques, Quartier Ferme Saint-Jacques
La Floride
La Fontenay, Quartier la Fontenay
La Fouquette
La Francisque
La Fraîcheur
La Garenne
La Gillot, Quartier Gillot
La Haut, Quartier Là-Haut
La Huvet
La Laugier, Laugier
La Lucette
La Manzo, Quartier la Manzo
La Massel
La Maugée
La Mauny
La Michèle
La Montagne
La Montfort
La Moïse
La Médaille, Medaille, Quartier la Médaille
La Nau, Quartier la Nau
La Nazaire
La Neveu
La Pagerie, La Bagerie
La Petite Tracée
La Pignol
La Plaine
La Plaine des Trois-Îlets
La Pointe
La Pointe des Sables
La Poulette
La Prairie
La Presqu'île
La Richard, Quartier la Richard
La Régale
La Sagesse
La Saint-Pierre, Quartier Saint-Pierre
La Salette, Quartier la Salette
La Source
La Suffrin
La Suin, Quartier Suin
La Tocnay
La Tracée, Quartier la Tracée
La Tranchée, Quartier la Tranchée
La Treize
La Trenelle
La Trinité, Trinité
La Victoire, Victoire
La Vierge, Quartier la Vierge
La Villéa
La Xavier
Laboissière, La Boissière, Quartier la Boissière
Ladour
Lafitte
Lagrandcourt
Lajus
Lamberton
Lanticq
Lanuquette
Lareinty, Marly
Lavison
Lazaret
Le Bois Soldat, Bois Soldat, Quartier Bois Soldat
Le Bout de Barrière
Le Calvaire
Le Cap, Cap-Marin, Marin
Le Carbet, Bourg du Carbet, Carbet, Ле-Карбе
Le Centre
Le Chalet
Le Coin
Le Diamant, Diamant
Le Directoire
Le Forçat
Le Foyer
Le François, Ле-Франсуа
Le Gros-Morne
Le Jardin des Plantes
Le Lamentin, Lamentin, Ле-Ламантен
Le Lorrain, Bourg de la Grande Anse, Lorrain
Le Marigot, Bourg du Marigot, Fonds d'Or
Le Marin, Marin, Ле-Марен
Le Morne aux Bœufs
Le Morne d'Orange
Le Morne-Rouge, Ле-Морн-Руж
Le Morne-Vert
Le Môle
Le Plateau
Le Poteau
Le Prêcheur, Prechur, Prêcheur
Le Robert, Robert, Ле-Робер
Le Sable Blanc
Le Trou, Quartier Anse de Reynal
Le Vauclin, Vauclin
Lecomte, Quartier Lecombe, Quartier Lecomte
Les Abymes, Abymes, Quartier des Abymes
Les Ananas
Les Anglais des Grottes
Les Anses-d'Arlet, Anses d'Arlet, Anses d'Arlets, Les Anses-d'Arlets
Les Bambous
Les Boucaniers
Les Coteaux, Le Coteau
Les Deux Terres, Quartier les Deux Terres
Les Digues
Les Hauts
Les Moubins
Les Quatre Chemins
Les Ravinières
Les Salines Blondel
Les Salines Dillon, Salines Dillon
Les Trois Ponts, Quartier des Trois-Ponts
Les Trois-Îlets, Trois-Îlets, Ле-Труа-Іле
Lescouët
Lessema
Lestrade, Quartier Lestrade
Limbé
Long Bois, Quartier Long Bois
Longuet
Lourdes
Louvet
Lowinsky, Quartier Lowinsky
Luciole
Luçon, Quartier Luçon
Là-Haut, Quartier Là-Haut
Lépinay, Quartier Lepinoy
Léro, Quartier Léro
Lézarde-Plaisance
Macabou
Mackintosh
Macouba, Le Macouba
Macré
Macédoine
Madelonnette
Magdelonnette
Magnan
Maison Rouge
Malevaut, La Malevaut
Malgré Tout
Malo
Mangot Vulcin
Mansarde Catalogne, Catalogne
Mansarde Rancée
Mapou
Mare Capron
Mare Poirier
Marie Noire
Marigot
Marlet, Marlette
Martinique, Département de La Martinique, Région Martinique
Mascarasse
Mathilde
Mathurin
Maupéou, Maupeau
Maxime, Quartier Maxime
Mayol, Quartier la Mayaule
Mazière
Merveilleuse
Micolo
Mignot
Mondésir
Mondésir-Pointe Sable
Monnerot, La Monnerot, Quartier la Monnerot
Mont Désert
Mont Plaisir, Quartier Monplaisir
Mont Vert
Montravail, Quartier Montravail
Monésie
Moreau
Morency
Morne Abricot
Morne Acajou, Quartier Morne Acajou
Morne Babet
Morne Baguidi, Baguidi
Morne Balai, Quartier Morne Balai
Morne Bel
Morne Bel-Air
Morne Bigot
Morne Blanc
Morne Bois, Quartier Morne Bois
Morne Bossu
Morne Capot, Quartier Morne Capot
Morne Carette, Quartier Morne Carrette, Quartier Morne Garrette
Morne Carrière
Morne Coco
Morne Congo, Quartier Morne Congo
Morne Courbaril, Quartier Morne Courbaril
Morne Céron
Morne Degras
Morne Escarpé
Morne Escavaille
Morne Flambeau
Morne Galbas
Morne Gamelle
Morne Guérin
Morne Honoré, Quartier Morne Honoré
Morne Lilet
Morne Ma Croix
Morne Mare
Morne Pavillon, Quartier Morne Pavillon
Morne Pitault, Quartier Morne Pitault
Morne Poirier, Quartier Morne Poirier, Quartier la Poirier
Morne Pois
Morne Privat
Morne Raquettes
Morne Roches
Morne Rouge
Morne Savon
Morne Serpent, Quartier Morne Serpent
Morne Sulpice
Morne Théodore, Quartier Morne Théodore
Morne Valentin, Quartier Morne Valentin, Quartier du Morne Valentin
Morne Vallon, Quartier Vallon
Morne Vaudin
Morne Vent, Quartier Morne Vert
Morne Venté
Morne des Esses, Quartier Morne des Esses
Morne des Olives, Le Morne des Olives, Quartier Morne des Olives
Morne la Valeur, Quartier Morne la Valeur
Morne Étoile
Morne à Roche, Quartier Morne à Roche
Morne-Vert
Moulin l'Étang
Moulin à Eau
Moulin à Vent
Mounzi
Médecin, Quartier Médecin
Ména
Nanon
Nouvelle Cité
O'Mullane
Oblot
Pain Bis
Pain de Sucre, Quartier Pain de Sucre
Palmistes, Palmiste
Palmène, Quartier Palmène
Papin
Paquemar
Parnasse, Le Parnasse, Quartier Parnasse
Passe-Mon-Temps
Pavillon
Pelletier, Quartier le Pelletier
Perriolat
Peter Maillet
Petit Bourg, Le Petit Bourg, Petit-Bourge
Petit Brésil
Petit Campêche, Quartier Petit Campêche
Petit Fond
Petit Galion
Petit Morne
Petit Paradis, Quartier Petit Paradis
Petit Pérou
Petit Sable
Petit Trou
Petit Versailles
Petite Anse, Quartier Petite Anse, Quartier de la Petite Anse
Petite France
Petite Gamelle
Petite Grenade
Petite Lézarde, Quartier Petite Lézarde
Petite Rivière Blanche
Petite Rivière Salée, Quartier Petite Rivière Salée
Petite Savane, Quartier Petite Savane
Petits Fonds
Petits Lézards
Phaéton
Placide, Quartier Placide
Plaisable, Quartier Plaisable
Plaisance
Plateforme, Quartier Plateforme
Pointe Athanase
Pointe Couchée
Pointe Faula
Pointe Hyacinthe, Hyacinthe
Pointe Jean-Claude
Pointe Lamare, Pointe la Mare, Quartier Pointe La Mare
Pointe Larose
Pointe Lynch, Lynch
Pointe Rouge
Pointe la Rose
Poirer
Poirier, Le Poirier, Poiriers, Quartier Poirier, Quartier la Poirier
Pomaré, Quartier Pomaré, Quartier la Pomaré
Pont Rivière Roche, Quartier Rivière Roche
Pontaléry
Poymiro
Presqu'île, Quartier de la Presqu'île
Propreté, Quartier Propreté, Sainte Claire
Propriété Poulet
Providence
Préfontaine, Quartier Préfontaine
Puyferrat
Périnelle
Pérou, Quartier Pérou
Quamalon
Quartier Abricot
Quartier Anse Azerot
Quartier Bac
Quartier Balata
Quartier Beauregard
Quartier Bedzy
Quartier Bocage
Quartier Béco
Quartier Chapelle, La Chapelle, Quartier de la Chapelle, Quartier la Chapelle
Quartier Cocoyer
Quartier Cyrille
Quartier Fond Guillet, Fond Guillet
Quartier Lelubois
Quartier Monsieur
Quartier Morne Covin
Quartier Morne Mignolle
Quartier Morne Piton
Quartier Piton
Quartier Pitons
Quartier Poix Doux Bocage, Quartier Pois Doux Bocage Quartier
Quartier Ravine
Quartier Rivière Monsieur
Quartier Réservoir
Quartier Thalémont
Quartier Vert-Pré
Quartier de l'Ex-voto
Quartier de l'Orangerie
Quartier des Pitons
Quartier du Cimetière
Quartier la Fontaine
Quartier la Félix
Quartiers Anse à l'Âne
Rabat-Joie
Rabuchon, Quartier Rabuchon
Raisin, Quartier le Raisin
Raisinier
Ransay
Rateau
Ravine Acajou
Ravine Braie
Ravine Chien
Ravine Couresse
Ravine Plate
Reculée, Quartier Reculé, Quartier Reculée, Reculé
Renée, La Renée, Quartier Renée, Quartier la René, Quartier la Renée
Reprise
Ressource
Reynoird, Reynaud
Richard
Rives Chancel, Rive Chancel
Rivière
Rivière Bambou, Quartier Rivière Bambous
Rivière Blanche
Rivière Cacao, Quartier Rivière Cacao
Rivière Caleçon, Quartier Rivière Caleçon
Rivière Canaris
Rivière Claire
Rivière Lézarde, Rivière Lézarde Un
Rivière Mahault
Rivière Monsieur
Rivière Pomme, Quartier Rivière Pomme
Rivière Roche
Rivière Romanet
Rivière Salée
Rivière l'Or, Quartier la Rivière d'Or, Rivière d'Or
Rivière la Manche, La Rouchy
Rivière-Pilote, Ривєр-Пілот
Robin
Roches Carrées, Quartier Roche Carrée, Quartier Roches Carrées
Rodate
Rodon, Quartier Rodon
Rollin, Quartier Rollin
Roussane
Rousseau, Quartier Rousseau
Rue Mulâtres
Rue Paille
Régale, Quartier la Régale
Régale-de-Saint-Esprit
Réunion
Sabine, Quartier la Sabine
Sagesse
Saingaule
Saint-Ange
Saint-Aroman, Quartier Saint Aroman, Quartier Saint-Arroman
Saint-Charles
Saint-Domaine
Saint-Esprit
Saint-Joseph
Saint-Laurent
Saint-Michel
Saint-Pierre, Fort Saint Pierre, Сен-Пєрр
Saint-Roch, Quartier Saint-Roche
Saint-Vincent, Quartier Saint-Vincent
Saint-Étienne
Sainte-Anne, Сент-Анн
Sainte-Croix
Sainte-Cécile
Sainte-Luce
Sainte-Marie, Bourg de Sainte Marie, Сент-Марі
Sainte-Philomène
Saintonge
Sancé
Sans Pareil, Quartier Sans Pareil
Sans-Souci
Sarcelle
Sarrault, Quartier Sarraut, Quartier la Sarraut, Sarraut
Savane Petit, Quartier Savane Petit
Schoelcher, Burg de Case Navire, Case Navire, La case des Navires
Semaine, Quartier Semaine
Simon
Sinaï, Quartier Sinaï
Solitude
Soudon, Kerfily, Soudon-Kerfily
Spoutourne, Spourtourne
Sucrerie, Quartier la Sucrerie
Suffrin
Sygy
Tamarins
Tartane
Taupinière
Terrier
Thibault
Thomas
Thoraille, Toraille
Thébault
Théolade
Ti Coin
Toknay
Touza, Quartier Touza
Trianon Nord, Trianon
Trianon Sud
Trois Rivières
Trou Grec, Quartier Trou Grec
Trou Mangouste
Trou Vent
Trou au Diable
Trou la Guerre
Union
Union en Haut
Val d'Or
Valatte, Quartier la Valatte, Quartier la Valette
Vapeur
Vatable, La Vatable
Verrier, Quartier Verrier
Vert Pré
Veyssières
Vieille Citerne
Vieille Terre, Quartier Vielle-Terre
Vieux Cacao
Vigie
Village Colson
Village de la Poterie
Vivé
Volcart
Voltaire, Quartier Voltaire
Vâton
Wallon
Wam
Watel
Zabeth, Quartier Zabeth, Quartier la Zabeth
Zobeïde
