A. Dubuisson
Abondance
Abondance les Hauts
Aloès
Anse, Village de l'Anse
Anse les Bas, Orne, Orres, Orré
Anse les Hauts
Apollon
Armagnac
Aurère
Avenir
Bac Rouge
Bac en Fer
Bagatelle
Bain
Basse Terre les Bas
Basse Terre les Hauts
Basse Vallée
Bassin Bœuf
Bassin Martin
Bassin Plat
Beaufond
Beaufonds, Beaufonds Usine
Beaulieu
Beaumont
Beauvallon
Bebour
Bel-Air
Belle Vue
Bellecombe
Bellemène
Bellepierre
Bellevue
Bengalis
Bernica-les Bas, Bernica
Bethléem
Bois Blanc
Bois Court
Bois Noirs, Sous les Bois Noirs
Bois Rouge, Bois Rouqe Usine
Bois d'Olives, Bois d'Olive, Le Bois d'Olive
Bois de Nèfles
Bois de Pomme
Bon Accueil
Bonne Espérance
Bord d'Ti Trou
Boucan Canot
Bouillon
Bourbier les Bas
Bourbier les Hauts
Bourbier-Beaulieu, Bourbier
Bourg-Murat
Bras Canot
Bras Fusil
Bras Madeleine, Bras Magdeleine
Bras Marron
Bras Mousseline
Bras Mouton
Bras Panon
Bras Pistolet
Bras Piton
Bras Sec
Bras Sec les Bas
Bras Sec les Hauts
Bras de Fer
Bras de Ponteau
Bras des Calumets
Bras des Chevrettes
Bras-Panon, Бра-Панон
Bruguier
Bruniquel
Bécabot, Bé Cabot
Bémahot
Bérive
Bérive les Bas
Bésave, Le Bésave
Cabanon
Cambaie
Cambourg
Cambuston
Camp Jacquot
Camp Lilas
Camp de Pierrot
Camp des Évis
Canal du Brûlé
Cap Blanc
Cap Noir
Carosse
Carreau Coton
Casabois, Le Cazabois
Casabona
Cascades
Cayenne
Champ Fleuri
Charrié
Chemin Acadine
Chemin Crescence
Chemin César
Chemin Sévère
Chemin de Bras Canot
Chemin de Ceinture
Chiendent
Cilaos, Сілао
Citerne Laborde
Citerne Partage
Cité de Pêcheurs
Cocâtre
Commune Ango
Commune Bègue
Commune Bègue les Bas
Commune Carron
Commune Prima
Condé
Corbeil
Cœur de Mafate
Desbassyns
Deux Rives
Deuxième Village
Dimitile
Domaine d'Anjou
Domenjod, Demenjod
Dos d'Âne
Duparc
Délices, Le Délice
Entre-Deux, Noël
Espérance
F. Sauger
Fiague, Fiagues
Flacourt
Fleurimont
Fleurs Jaunes les Hauts
Fond Benjoin
Fond Maurice, Le Fond de Maurice
Fond de Rond-Point
Franche Terre, Semaines
Frédeline
Gillot
Girofle
Grand Bassin
Grand Canal
Grand Coude
Grand Fond, Grand Fonds
Grand Fond Extérieur
Grand Fond les Hauts
Grand Galet, Le Grand Galet
Grand Îlet
Grand-Place, Grande Place
Grand-Place les Hauts
Grande Anse
Grande Fontaine
Grande Ravine
Grande Terre
Grands Bois, Grand Bois
Harmonie
Haut de Jean Petit
Hell Bourg
Jacques Payet
Jean Petit
Jean Petit les Bas
Jupiter
L'Affouche
L'Allée Coco
L'Argamasse
L'Asile
L'Entre-Deux
L'Ermitage
L'Ermitage les Bains, Hermitage, L'Ermitage-les Bas, L'Hermitage-les Bas
L'Escalier
L'Espérance les Bas
L'Espérance les Hauts
L'Hermitage
L'Oasis
L'Union, Union
L'Éperon, Éperon
L'Établissement
L'Étang, Etang, Etang de Saint Andre
L'Étang Saint-Leu, Étang
L'Étang-Salé, Étan-Salé-les-Hauts
L'Étang-Salé les Bains, Étang-Salé les Bains
L'Îlet
L'Œil-de-Bœuf
La Balance
La Barrière
La Bergerie
La Bretagne, Bretagne
La Butte
La Butte Guinot
La Cabane
La Cafrine, Cafrine
La Caroline
La Cayenne
La Chaloupe Saint-Leu
La Chapelle
La Chatoire
La Colline
La Confiance, Confiance
La Confiance les Bas
La Confiance les Hauts
La Convalescence
La Convenance, Convenance, Convenance Ancienne Usine
La Cour
La Cour du Piton, Piton
La Croisée
La Croix
La Crête
La Ferme
La Fontaine
La Fontaine-les Hauts
La Forêt Dugain
La Grande Chaloupe, Grande Chaloupe
La Grande Ferme
La Grande Montagne
La Grande Montée
La Grande Ravine des Lataniers
La Liberté
La Ligne Chevalier
La Ligne Paradis
La Ligne d'Équerre
La Ligne des Bambous, Ligne des Bambous
La Maison Martin
La Mare, La Mare Usine, Mare
La Marine
La Montagne, Montagne
La Montée Panon
La Montée de Villeneuve
La Nouvelle
La Paix
La Palmeraie
La Passerelle, La Passarelle
La Pente
La Pente Maingard
La Pente d'Orange
La Perrière
La Petite Ferme
La Petite Pointe
La Petite Ravine, Petite Ravine
La Petite Savoie
La Pièce Jeanne
La Plaine
La Plaine aux Sables
La Plaine des Cafres
La Plaine du Bois de Nèfles
La Plaine-des-Palmistes, Plaine des Palmistes, Ла-Плен-де-Пальміст, لا پلاینی-ڈیس-پالمیسٹیس
La Plate Forme
La Pointe
La Pointe au Sel
La Possession, Possession, Ла Посесион, Ла-Поссесьйон, لا پوسیسیون, لپوسسیون
La Poste
La Providence
La Ravine Blanche, Ravine Blanche
La Ravine Glissante, Ravine Glissante
La Ravine des Cabris
La Ravine des Cafres les Hauts, Ravine des Cafres-les Hauts
La Ravine des Citrons
La Ravine du Pont, Ravine du Pont, Village Ravine du Pont
La Ravine à Malheur, Ravine à Malheur
La Renaissance, Renaissance, Repuissance
La Ressource Barau, La Ressource, Ressource
La Rivière, Rivière, Rivières
La Rivière de l'Est, Rivière de l'Est
La Rivière des Roches
La Roche Marianne
La Route Delisle
La Ruche
La Rue Marchande
La Réserve
La Réunion
La Révolution, Révolution
La Saline, Saline
La Saline les Bains, La Saline-les Bas
La Source
La Source la Mare
La Souris Blanche
La Souris Chaude
La Trinité
La Vallée, Vallée Orré
La Vigie
La Vigne
Langevin
Le Baril, Baril
Le Barrage
Le Bassin Souris
Le Bernica
Le Bocage
Le Bocage New York
Le Bois de Nèfles
Le Bois de Nèfles Piton
Le Bras Creux
Le Bras Long
Le Bras de Pontho
Le Brûlé, Brûlé
Le Butor
Le Bélier
Le Bœuf Mort
Le Camp du Gol, Gôl, Usine du Gol
Le Cap, Ilet du Palmiste Rouge, Palmistes Rouges
Le Cap Camélias
Le Cap Lelièvre
Le Cap à Paul
Le Cap-les Hauts
Le Champ Borne, Champ-Borne
Le Chaudron, Chaudron
Le Chemin Barbot
Le Chemin Canal
Le Chemin Diale
Le Chemin Dureau
Le Chemin Neuf
Le Chemin Richard
Le Château
Le Colosse, Colosse
Le Cratère
Le Cœur Saignant
Le Dassy
Le Dix-Neuvième
Le Dix-Septième
Le Douzième
Le Déboulé
Le Désert, Désert
Le Gol les Hauts, Gôl-le Haut, Le Gôl
Le Golf
Le Goyave, La Goyave
Le Grainoire
Le Grand Défriché
Le Grand Hazier
Le Grand Pourpier, Le Pourpier
Le Grand Serré
Le Grand Tampon les Bas
Le Grand Tampon les Hauts
Le Guillaume
Le Guillaume Jardin
Le Hangar
Le Lambert
Le Lambert les Hauts
Le Maniron
Le Martyr
Le Moulin à Eau
Le Onzième
Le Ouaki, Le Waki
Le Parc à Dennemont
Le Pavillon
Le Petit Bernica
Le Petit Brûlé
Le Petit Matarum
Le Petit Sable, Petit Sable
Le Petit Serré, Petit Serré
Le Petit Tampon
Le Piton Saint-Leu, Piton, Village du Piton
Le Plate, Plate
Le Plateau
Le Pont Neuf
Le Pont d'Yves, Pont Dives
Le Port, La Point-aux-galets, Le Port des Galets, Port, Port de la Pointe des Galets, Port des Galets, Ле-Пор, لو پور، رئونیون
Le Portail, Portail
Le Quatorzième
Le Quinzième
Le Radier
Le Rond
Le Ruisseau
Le Ruisseau Terres Rouges
Le Ruisseau les Hauts, Ruisseau
Le Serré
Le Souffleur d'Arbonne
Le Syndicat
Le Tampon, Tampon, Village du Tampon, لو تامپون
Le Tan Rouge
Le Tapage
Le Tremblet, Tremblet
Le Trou d'Eau
Le Tévelave
Le Verger
Le Verger Hémery, Verger Hemery
Le Vingt-Cinquième
Le Vingt-Huitième
Le Vingt-Septième
Le Vingt-Sixième
Le Vingt-Troisième
Les Affouches
Les Aigrettes
Les Avirons, Avirons, Лез-Авірон
Les Bambous
Les Bananes
Les Brises
Les Cafés
Les Camélias
Les Canaux
Les Canots
Les Canots les Hauts
Les Cascades
Les Casernes
Les Chicots
Les Cocos
Les Colimaçons, Colimaçons
Les Colimaçons les Hauts
Les Coquillages
Les Deux Bras
Les Filaos, Filaos
Les Grègues
Les Jacques
Les Jacques Cargot
Les Lataniers
Les Lianes
Les Makes, Makes
Les Orangers
Les Orchidées
Les Palmistes
Les Quatre Cents
Les Quatre Robinets
Les Ramiers, Le Ramier
Les Remparts
Les Sables
Les Sables Blancs
Les Six-Cents, Six Cents
Les Tamarins
Les Trois Frères
Les Trois Mares
Les Trois-Bassins, Trois-Bassins
Les Vacoas, Vacoas
Les Yuccas
Lianes Bel-Air
Lianes Passage
Libéria
Ligne Bambous
Ligne Matouta
Longuet
Lotissement Bellevue
Lotissement Bras Pistolet
Lotissement Cross
Lotissement Dioré, Le Dioré
Lotissement Dodin
Lotissement Pelvoisin
Lotissement de la Pointe des Châteaux
M. Lamotte
Ma Pensée
Macabit Bois Joli
Macassis
Madame Paule
Maduran
Mafatte
Mahavel
Maingard
Maison Blanche
Maison Henou
Maison Isautier
Maison James Biget
Maison Laclos
Maison Lelièvre
Maison Leroux
Maison Moullan
Maison Payet
Maison Rouge
Maison de l'Enfance
Manapany
Manapany les Bains
Manapany les Bas
Manapany les Hauts
Marancourt
Mare Longue
Mare Sèche
Mare d'Affouches
Mare à Citrons
Mare à Goyaves
Mare à Martin
Mare à Poule d'Eau
Mare à Vieille Place
Marepine
Marla
Marocain
Mathurin
Matouta
Menciol
Moka
Mon Caprice
Mon Repos
Monaco
Mont Vert les Bas, Montvert-les Bas, Village de Montvert
Mont Vert les Hauts, Montvert-les Hauts
Montauban
Montgaillard
Montgaillard les Hauts
Montvert
Montée Sano
Morange
Moufia
Moulin Cader
Moulin Maïs
Niagara
Nos Loisirs
Notre-Dame de la Paix
Notre-Dame des Champs
Paniandy
Parc Mouton
Parny
Passe à Jacques
Patelin, Le Patelin
Pausé
Pavillon
Peter Both, Peter-boot, Îlet du Peter-Boot
Petit Saint-Pierre
Petit Trou
Petite Plaine
Petite Île, La Petite Île
Petite-Île, Village de la Petite Ile, Петіт-Іль
Pichète
Pierre Paillard
Pierrefonds, Pierrefonds Usine
Piton Bloc
Piton Hyacinthe
Piton Sainte-Rose, Piton
Piton des Goyaves
Pitou
Piveteau
Plaine des Grègues
Plateau Caillou
Plateau Carrosse
Plateau Sisahaye
Plateau la Mare
Premier Village
Quartier Français
Ravine Ango, Ravine d'Ango
Ravine Coco
Ravine Creuse
Ravine Daniel
Ravine Grosse Roche
Ravine Laverdure
Ravine Martin
Ravine Renaud
Ravine Sèche
Ravine des Cabris
Ravine des Cafres-les Bas
Ravine des Chèvres les Bas, Ravine des Chèvres
Ravine des Chèvres les Hauts
Ravine des Figues
Ravine du Pont-les Bas
Ravine à Marquet
Refuge
Rivière Saint-Pierre
Rivière des Pluies, La Rivière des Pluies
Rivière du Mât les Bas, Ravine du Mât les Bas
Rivière du Mât les Hauts, Rivière du Mât, Rivière du Mât Usine
Rivière du Rempart
Roche Maigre
Roche Plate, Îlet de Roche Plate
Rue Jacquot
Ruisseau Blanc
Résidence Champagne
Réunion, Département de La Réunion, Région Réunion
Saint-André, Санкт-Андре, Сент-Андре, سنت آندره، رئونیون, سینٹ-آندرے، رانوں
Saint-Benoît, Санкт-Бенуа, Сен Беноа, Сен-Бенуа, سن بنوآ، رئونیون, سینٹ-بنوٹ، رانوں
Saint-Bernard
Saint-Cœur
Saint-Denis, Сен-Дени
Saint-François
Saint-Gilles les Bains, Saint Gilles
Saint-Gilles les Hauts
Saint-Joseph, Сен-Жозеф, Сент-Джозеф, سن ژوزف، رئونیون, سینٹ-جوسف، رانوں
Saint-Leu, Санкт-Леу, Сен-Ле, سن لو، رئونیون, سینٹ-لو، رانوں
Saint-Louis, Сен Луј, Сен-Луи, سن لویی، رئونیون, سینٹ-لوئیس، رانوں
Saint-Paul, Сен Пол, سن پول رئونیون, سینٹ-پال، رانوں
Saint-Philippe, Saint Phillippe, Сен-Філіпп, سین-فلپے
Saint-Pierre, Сен Пјер, Сен-Пєрр, Сент-Пьер, سن-پیر، رئونیون, سین-پیری، ری یونین
Sainte-Anne, Village Sainte Anne
Sainte-Anne-les Hauts
Sainte-Clotilde
Sainte-Marguerite
Sainte-Marie, Сен Мари, Сент-Мари, سنت ماری، رئونیون, سین-مرے، رانوں
Sainte-Rose, Сент-Роз, سین-روسے، رانوں
Sainte-Suzanne, Сен Сузан, Сент-Сюзанн, سنت سوزان، رئونیون, سین-سجان، رانوں
Sainte-Thérèse
Sainte-Vivienne
Salazie, Salazie Village, Салазі
Saline-les Hauts
Sans Souci
Sarabé
Savannah, Savannah Usine
Stella, Stella Matutina
Surprise
Takamaka
Tan Rouge
Terrain Duparc
Terrain Fleury
Terrain Élisa
Terre Rouge
Terre Sainte
Trinité
Trois Mares
Trois Mares les Hauts
Trou Blanc
Villa Bourbon
Village Desprez
Ville Blanche
Villèle
Vincendo
Étang-les Hauts, Etanq les Hauts
Îlet Albert
Îlet Augustin
Îlet Aurélien Dijoux, Aurélien Dijoux
Îlet Bananiers
Îlet Bois-Rouge
Îlet Cazal
Îlet Cerneau
Îlet Chicot
Îlet Cimandal
Îlet Coco
Îlet Denise
Îlet Dijoux
Îlet Flamand
Îlet Fleurs Jaunes
Îlet Furcy, Îlet Ronde
Îlet Haut
Îlet Jardin
Îlet Lautret
Îlet Leroux
Îlet Marron
Îlet Morin
Îlet Méon
Îlet Nourry
Îlet Payet
Îlet Quinquina
Îlet Roche à Jacquot
Îlet Rosier Blanc
Îlet Savannah
Îlet Solitude
Îlet Sud
Îlet Techer
Îlet Tommic
Îlet aux Palmistes, L'Îlet aux Palmistes
Îlet des Lataniers
Îlet des Orangers
Îlet des Salazes
Îlet du Bois Rouge
Îlet du Bras Sec
Îlet la Pluie
Îlet à Bourse
Îlet à Bourse les Hauts
Îlet à Calebasse
Îlet à Cordes
Îlet à Diable
Îlet à Déjeuner
Îlet à Guillaume
Îlet à Malheur
Îlet à Vidot
Îlets du Bras de Saint-Paul
